token,ham_count,spam_count,total_count
ok,95,1,97
come,72,0,72
ur,49,21,71
gt,70,0,70
lt,69,0,69
good,63,2,65
got,63,1,64
know,59,4,64
sorry,62,0,63
time,58,3,62
like,59,2,62
later,60,0,60
home,58,0,58
free,18,37,56
going,54,0,55
want,48,5,53
lor,52,0,52
day,46,3,50
send,37,13,50
da,48,0,48
love,46,1,47
text,23,22,46
need,43,1,45
oh,41,0,41
think,39,0,40
tell,37,2,40
today,36,3,40
dont,38,2,40
hi,34,3,38
dear,35,3,38
wat,37,0,37
pls,34,1,36
great,33,2,35
phone,26,9,35
new,19,16,35
stop,10,23,34
hey,33,1,34
work,34,0,34
way,34,0,34
yeah,33,0,33
yes,29,3,32
night,31,1,32
txt,3,28,31
message,21,10,31
reply,10,20,31
right,30,0,31
na,29,2,31
week,19,10,30
number,22,7,30
tomorrow,28,2,30
pick,28,0,29
hope,28,0,29
mobile,4,24,28
make,24,3,27
happy,27,0,27
lol,27,0,27
wan,25,2,27
ask,27,0,27
say,26,0,26
really,25,0,25
claim,0,25,25
thanks,21,3,25
said,25,0,25
meet,23,1,24
sent,21,2,24
im,23,1,24
babe,22,1,24
sure,24,0,24
late,22,0,23
morning,23,0,23
tonight,23,0,23
let,22,1,23
prize,0,23,23
care,22,1,23
buy,21,0,22
meeting,22,0,22
msg,16,6,22
soon,20,0,21
miss,20,1,21
ya,20,0,21
fine,21,0,21
leave,20,0,21
cash,4,15,20
gon,20,0,20
amp,20,0,20
wait,20,0,20
class,20,0,20
place,18,1,20
coming,20,0,20
waiting,14,5,19
ca,19,0,19
yup,19,0,19
life,18,0,19
told,19,0,19
thing,19,0,19
cos,19,0,19
aight,18,0,18
talk,16,1,18
sleep,18,0,18
job,18,0,18
haha,18,0,18
money,17,1,18
getting,16,0,17
contact,3,14,17
nice,17,0,17
customer,4,13,17
lunch,17,0,17
win,2,14,17
urgent,1,16,17
feel,17,0,17
sir,17,0,17
cool,16,0,17
finish,16,0,16
princess,16,0,16
service,1,15,16
chat,5,10,16
dinner,16,0,16
use,14,2,16
min,12,3,16
dun,16,0,16
went,16,0,16
thanx,16,0,16
ready,14,1,16
year,14,1,15
nokia,0,14,15
friend,12,3,15
stuff,15,0,15
thought,15,0,15
gud,15,0,15
car,15,0,15
bit,15,0,15
yo,14,0,15
help,11,3,15
ill,15,0,15
try,14,1,15
trying,11,3,15
long,15,0,15
wish,15,0,15
guess,13,2,15
watching,14,0,14
people,14,0,14
best,12,2,14
probably,14,0,14
guys,12,1,14
lar,14,0,14
thk,14,0,14
thats,14,0,14
things,13,0,14
remember,14,0,14
house,13,0,14
early,13,0,13
friends,12,1,13
man,13,0,13
reach,12,1,13
eat,13,0,13
room,13,0,13
ah,13,0,13
mins,5,8,13
check,12,0,13
plan,13,0,13
special,11,2,13
working,13,0,13
big,12,0,13
problem,13,0,13
better,13,0,13
hello,12,1,13
lot,12,0,12
wont,12,0,12
okay,12,0,12
holiday,5,7,12
enjoy,9,2,12
heart,11,0,12
bus,12,0,12
watch,12,0,12
mind,12,0,12
live,6,6,12
hear,11,0,12
bed,12,0,12
liao,12,0,12
town,11,0,12
dat,12,0,12
weekend,10,2,12
god,12,0,12
shall,12,0,12
office,12,0,12
dad,12,0,12
thank,11,0,12
half,9,3,12
guaranteed,0,12,12
dunno,11,0,11
draw,1,9,11
birthday,11,0,11
bad,11,0,11
baby,10,0,11
minutes,10,1,11
sms,6,5,11
shopping,8,2,11
tv,10,1,11
shit,10,0,11
jus,11,0,11
maybe,10,0,11
hour,11,0,11
person,10,0,11
tmr,11,0,11
left,10,0,11
looking,8,2,11
fuck,11,0,11
okie,11,0,11
forgot,11,0,11
account,6,5,11
days,8,2,11
fun,8,2,11
pa,10,0,10
wake,10,0,10
wot,10,0,10
real,7,3,10
evening,10,0,10
awarded,0,10,10
receive,2,8,10
quite,10,0,10
sat,9,0,10
end,8,2,10
little,9,0,10
speak,8,2,10
food,10,0,10
start,8,1,10
pay,10,0,10
able,10,0,10
actually,10,0,10
happen,10,0,10
month,9,0,10
called,10,0,10
chance,4,6,10
word,4,6,10
line,2,8,10
sweet,10,0,10
asked,9,1,10
tone,0,10,10
play,6,3,10
kiss,9,0,9
cost,3,5,9
thinking,9,0,9
wif,9,0,9
girl,8,1,9
online,9,0,9
years,7,2,9
easy,6,3,9
150ppm,0,9,9
awesome,9,0,9
luv,7,1,9
ard,9,0,9
latest,1,8,9
landline,0,9,9
pain,9,0,9
cs,0,9,9
2nd,2,6,9
juz,9,0,9
finished,9,0,9
details,7,1,9
didnt,9,0,9
lei,9,0,9
leh,9,0,9
change,9,0,9
smile,9,0,9
shows,1,8,9
po,1,7,9
box,2,7,9
havent,9,0,9
means,9,0,9
abt,9,0,9
camera,1,7,9
came,9,0,9
missed,8,0,9
bring,9,0,9
says,9,0,9
look,9,0,9
world,9,0,9
sch,9,0,9
saw,9,0,9
mail,9,0,9
yesterday,8,0,9
alright,9,0,9
xxx,6,2,9
wo,7,0,8
email,7,0,8
ringtone,0,8,8
test,8,0,8
texts,3,4,8
nite,8,0,8
leaving,8,0,8
den,8,0,8
whats,8,0,8
offer,2,6,8
noe,8,0,8
code,0,7,8
goes,8,0,8
sleeping,8,0,8
collect,2,6,8
away,7,1,8
plz,8,0,8
times,8,0,8
head,8,0,8
worry,8,0,8
huh,8,0,8
making,8,0,8
drive,8,0,8
driving,7,0,8
mean,8,0,8
school,8,0,8
bored,7,1,8
missing,8,0,8
guy,8,0,8
hair,8,0,8
busy,7,0,8
haf,8,0,8
calls,5,2,8
dude,8,0,8
address,8,0,8
wanted,7,0,8
true,7,0,8
wants,7,0,8
dis,7,0,8
movie,7,0,8
1st,2,5,8
mum,8,0,8
messages,5,3,8
afternoon,8,0,8
hours,7,1,8
selected,2,6,8
attempt,0,6,7
network,1,6,7
college,7,0,7
til,7,0,7
close,6,1,7
wk,2,4,7
goin,7,0,7
tomo,7,0,7
ta,6,0,7
sounds,6,0,7
old,6,0,7
nope,7,0,7
outside,7,0,7
answer,5,1,7
stay,6,0,7
orange,1,6,7
wil,7,0,7
oredi,7,0,7
started,6,0,7
decimal,7,0,7
plus,5,1,7
apply,0,7,7
talking,7,0,7
important,4,3,7
id,7,0,7
shop,5,1,7
18,0,7,7
took,7,0,7
minute,4,2,7
family,7,0,7
join,4,3,7
150p,0,7,7
calling,5,1,7
price,2,4,7
carlos,7,0,7
award,0,7,7
chikku,7,0,7
mu,7,0,7
chennai,7,0,7
trip,5,1,7
feeling,7,0,7
sexy,3,3,7
words,7,0,7
happened,7,0,7
hav,7,0,7
drop,6,0,7
prob,7,0,7
pretty,7,0,7
face,7,0,7
brother,7,0,7
boy,7,0,7
saying,7,0,7
believe,6,0,7
makes,7,0,7
video,0,6,7
pub,6,0,7
dreams,7,0,7
run,7,0,7
xmas,2,4,7
question,6,1,7
jay,6,0,6
private,0,5,6
lost,5,0,6
project,6,0,6
update,1,4,6
hot,2,4,6
bonus,0,6,6
hurt,6,0,6
gone,6,0,6
bout,6,0,6
16,0,6,6
mom,6,0,6
tones,0,6,6
gr8,4,1,6
valid,0,6,6
tho,6,0,6
company,6,0,6
collection,0,6,6
till,6,0,6
todays,2,4,6
weekly,0,6,6
oso,6,0,6
order,2,4,6
game,4,2,6
date,4,2,6
coz,6,0,6
checking,6,0,6
set,6,0,6
wonderful,6,0,6
gift,2,4,6
taking,6,0,6
tel,6,0,6
search,6,0,6
pic,3,2,6
hungry,6,0,6
gd,6,0,6
tried,1,5,6
treat,6,0,6
gym,6,0,6
aft,6,0,6
points,1,4,6
open,6,0,6
comes,5,1,6
rate,0,5,6
available,6,0,6
walk,6,0,6
laptop,6,0,6
http,0,6,6
book,5,1,6
delivery,0,5,6
touch,6,0,6
neva,6,0,6
story,6,0,6
sad,6,0,6
cause,6,0,6
finally,5,0,6
ring,5,1,6
congrats,3,2,6
wen,6,0,6
500,0,6,6
eve,4,1,6
rite,6,0,6
tot,6,0,6
wrong,6,0,6
entry,0,6,6
goodmorning,6,0,6
anytime,2,3,6
reached,6,0,6
sis,6,0,6
land,0,5,5
march,5,0,5
lots,4,0,5
parents,5,0,5
ass,5,0,5
lovely,5,0,5
eh,5,0,5
yep,5,0,5
lose,5,0,5
mate,5,0,5
drink,5,0,5
angry,5,0,5
hmm,5,0,5
hows,5,0,5
yar,5,0,5
expires,0,5,5
hit,4,1,5
86688,0,5,5
music,0,4,5
mrng,5,0,5
seeing,5,0,5
meant,5,0,5
boytoy,5,0,5
usf,5,0,5
10p,0,5,5
seen,5,0,5
club,0,5,5
friendship,5,0,5
fucking,5,0,5
girls,3,1,5
glad,5,0,5
loving,5,0,5
msgs,2,2,5
noon,5,0,5
smth,5,0,5
10,3,2,5
await,0,5,5
beautiful,5,0,5
break,4,1,5
sister,5,0,5
news,2,2,5
snow,5,0,5
750,0,5,5
needs,5,0,5
wid,4,1,5
choose,2,3,5
fr,5,0,5
sae,0,5,5
party,5,0,5
crazy,4,1,5
couple,5,0,5
course,5,0,5
swing,5,0,5
sun,5,0,5
sunday,5,0,5
lesson,5,0,5
trust,5,0,5
charge,3,2,5
plans,5,0,5
point,5,0,5
meh,5,0,5
supposed,5,0,5
statement,0,5,5
hard,4,0,5
film,4,0,5
comin,5,0,5
thinkin,5,0,5
ha,5,0,5
unsubscribe,0,5,5
understand,5,0,5
wife,4,0,5
12hrs,0,5,5
second,5,0,5
hold,5,0,5
mob,0,5,5
lucky,3,2,5
identifier,0,5,5
monday,5,0,5
dating,0,5,5
decided,5,0,5
content,0,4,5
smoke,5,0,5
smiling,5,0,5
forget,5,0,5
kind,5,0,5
lem,5,0,5
double,1,4,5
fone,3,1,5
pics,2,3,5
services,0,5,5
possible,5,0,5
gas,5,0,5
type,5,0,5
lets,5,0,5
pounds,0,4,5
far,5,0,5
semester,5,0,5
b4,3,2,5
bt,4,1,5
earlier,5,0,5
auction,0,4,5
uk,0,5,5
card,4,0,5
mm,5,0,5
tired,5,0,5
read,4,0,5
final,0,4,5
simple,4,0,5
study,5,0,5
darlin,5,0,5
knw,5,0,5
colour,1,3,5
shower,5,0,5
near,4,0,4
daddy,4,0,4
currently,0,3,4
knew,4,0,4
reveal,0,4,4
reason,4,0,4
100,0,4,4
kate,4,0,4
die,4,0,4
pm,4,0,4
8007,0,4,4
hospital,4,0,4
asking,4,0,4
xx,3,1,4
bslvyl,4,0,4
area,2,2,4
voucher,0,4,4
vouchers,0,4,4
correct,3,1,4
welcome,1,3,4
mobileupd8,0,4,4
fast,4,0,4
uncle,4,0,4
case,4,0,4
idea,4,0,4
song,3,0,4
india,3,0,4
takes,3,1,4
persons,4,0,4
somebody,3,0,4
sound,4,0,4
exam,4,0,4
light,4,0,4
caller,0,4,4
ago,4,0,4
aha,4,0,4
telling,4,0,4
congratulations,0,4,4
post,3,0,4
library,4,0,4
games,0,3,4
nt,4,0,4
wishing,4,0,4
wit,4,0,4
listen,3,0,4
age,1,2,4
happiness,4,0,4
luck,2,1,4
wonder,4,0,4
camcorder,0,4,4
freemsg,0,4,4
oops,4,0,4
orchard,4,0,4
sending,4,0,4
ugh,4,0,4
pizza,4,0,4
picking,4,0,4
christmas,3,0,4
complete,3,0,4
computer,2,1,4
crave,4,0,4
operator,0,4,4
credit,1,2,4
hand,4,0,4
unlimited,2,2,4
sort,3,0,4
confirm,3,0,4
thinks,0,3,4
bank,3,0,4
awake,4,0,4
safe,4,0,4
booked,4,0,4
log,2,2,4
secret,1,3,4
sell,3,0,4
fancy,1,2,4
facebook,4,0,4
mah,4,0,4
usual,4,0,4
tampa,4,0,4
slept,4,0,4
slow,4,0,4
small,4,0,4
player,1,3,4
movies,4,0,4
mr,4,0,4
wana,4,0,4
saturday,3,1,4
download,3,0,4
2003,0,4,4
darren,4,0,4
park,4,0,4
paper,4,0,4
frm,4,0,4
ex,4,0,4
drugs,4,0,4
aathi,4,0,4
abiola,4,0,4
wow,3,0,4
800,0,4,4
training,4,0,4
sick,4,0,4
different,4,0,4
hee,4,0,4
match,2,1,4
quick,4,0,4
loads,3,0,4
lmao,4,0,4
heard,3,0,4
used,4,0,4
sea,4,0,4
doin,4,0,4
difficult,4,0,4
sitting,4,0,4
info,0,3,4
nah,4,0,4
pobox,0,4,4
wine,4,0,4
winner,0,4,4
weeks,2,2,4
fri,3,0,4
friday,4,0,4
frnd,2,2,4
cum,3,1,4
woke,4,0,4
door,4,0,4
reaching,4,0,4
08000839402,0,4,4
08000930705,0,4,4
yr,1,3,4
write,4,0,4
bath,4,0,4
bathe,4,0,4
immediately,1,2,4
din,4,0,4
worth,1,3,4
visit,2,2,4
askd,4,0,4
cut,4,0,4
st,3,0,4
0800,0,4,4
worries,3,0,3
yay,3,0,3
rental,0,3,3
rent,3,0,3
ends,2,1,3
reading,3,0,3
hostel,3,0,3
recently,2,0,3
regards,3,0,3
rest,3,0,3
joy,3,0,3
representative,0,3,3
em,3,0,3
stupid,3,0,3
studying,3,0,3
information,1,2,3
kids,3,0,3
knows,3,0,3
frens,3,0,3
entered,1,1,3
goodnight,3,0,3
realy,3,0,3
ride,3,0,3
rs,3,0,3
ate,3,0,3
asleep,3,0,3
holla,3,0,3
weed,3,0,3
wednesday,3,0,3
lessons,3,0,3
poly,0,3,3
short,3,0,3
silent,3,0,3
timing,3,0,3
coffee,3,0,3
lazy,3,0,3
il,3,0,3
torch,3,0,3
tonite,3,0,3
2nite,2,1,3
interested,3,0,3
dint,3,0,3
national,0,3,3
tickets,2,0,3
laugh,3,0,3
tht,3,0,3
competition,1,1,3
comp,0,2,3
discount,1,2,3
11,2,1,3
mrt,3,0,3
muz,3,0,3
train,3,0,3
87066,0,3,3
mood,3,0,3
grins,3,0,3
tough,3,0,3
fingers,3,0,3
plenty,3,0,3
nigeria,3,0,3
lect,3,0,3
weather,3,0,3
players,3,0,3
cheap,2,1,3
holding,3,0,3
asap,1,1,3
bcoz,3,0,3
round,3,0,3
kallis,3,0,3
terms,0,2,3
complimentary,0,3,3
normal,3,0,3
numbers,1,2,3
th,3,0,3
ge,3,0,3
feels,3,0,3
figure,3,0,3
checked,3,0,3
charged,0,3,3
cheers,3,0,3
motorola,0,3,3
txting,0,2,3
truth,3,0,3
gettin,2,0,3
ni8,3,0,3
depends,3,0,3
planning,3,0,3
pix,2,0,3
gave,3,0,3
gets,3,0,3
nyt,3,0,3
disturb,3,0,3
months,2,0,3
mon,3,0,3
warm,2,0,3
iam,3,0,3
seriously,3,0,3
pongal,3,0,3
felt,3,0,3
convey,3,0,3
invited,2,1,3
kinda,2,0,3
sony,0,2,3
wkly,0,3,3
ice,3,0,3
catch,3,0,3
tuesday,3,0,3
ttyl,3,0,3
umma,3,0,3
sex,0,2,3
doesnt,3,0,3
doctor,3,0,3
power,3,0,3
pound,0,2,3
fb,3,0,3
direct,0,2,3
press,3,0,3
fantastic,0,2,3
cancel,1,1,3
moment,3,0,3
mode,3,0,3
mobiles,0,3,3
cbe,3,0,3
tc,1,1,3
omg,3,0,3
road,3,0,3
voice,3,0,3
armand,3,0,3
appreciate,3,0,3
eating,3,0,3
hiya,3,0,3
add,3,0,3
cal,2,0,3
advance,3,0,3
admirer,0,3,3
water,3,0,3
dnt,3,0,3
excellent,3,0,3
deep,3,0,3
forever,3,0,3
decide,3,0,3
south,3,0,3
pete,3,0,3
teach,3,0,3
ldn,0,3,3
surprise,2,1,3
surfing,3,0,3
surely,3,0,3
offers,0,3,3
omw,3,0,3
phones,0,3,3
deal,3,0,3
dead,3,0,3
buzy,3,0,3
buying,3,0,3
campus,3,0,3
bucks,3,0,3
wondering,3,0,3
john,3,0,3
rock,3,0,3
bak,3,0,3
bag,3,0,3
hook,3,0,3
access,0,2,3
liked,3,0,3
list,3,0,3
instead,3,0,3
ive,3,0,3
sec,3,0,3
father,3,0,3
future,1,1,3
paying,2,0,3
damn,3,0,3
stand,3,0,3
alex,3,0,3
al,3,0,3
mistake,2,0,3
txts,0,3,3
unless,3,0,3
merry,3,0,3
menu,2,0,3
spend,3,0,3
specially,0,3,3
station,2,0,3
opt,0,3,3
opinion,3,0,3
support,3,0,3
sup,3,0,3
inside,3,0,3
valentine,3,0,3
ho,3,0,3
fact,3,0,3
eyes,3,0,3
worried,3,0,3
workin,3,0,3
happening,3,0,3
midnight,3,0,3
anymore,3,0,3
vl,3,0,3
sale,2,1,3
excuse,3,0,3
extra,1,2,3
exactly,3,0,3
street,3,0,3
store,0,2,3
pass,1,1,3
forwarded,1,1,3
staying,3,0,3
willing,2,0,3
men,2,0,3
urself,3,0,3
blue,3,0,3
mayb,3,0,3
valentines,2,0,3
using,2,0,3
bold,3,0,3
mark,3,0,3
save,2,0,3
savamob,0,3,3
cup,1,1,3
frnds,3,0,3
funny,3,0,3
mates,0,2,3
valued,0,3,3
hmmm,3,0,3
bb,3,0,3
battery,3,0,3
howz,3,0,3
hurry,3,0,3
loan,1,1,3
xy,3,0,3
yahoo,2,0,3
ipod,0,3,3
questions,2,1,3
pussy,3,0,3
quiz,0,3,3
promise,3,0,3
page,2,0,3
paid,2,0,3
hoping,3,0,3
honey,3,0,3
ans,2,1,3
enter,0,2,3
worse,3,0,3
izzit,3,0,3
yrs,1,0,2
yoga,2,0,2
england,0,2,2
rem,2,0,2
reference,0,1,2
escape,2,0,2
isnt,2,0,2
yijue,2,0,2
yest,2,0,2
0870,0,2,2
hopefully,2,0,2
looks,2,0,2
lookin,2,0,2
lover,2,0,2
loved,2,0,2
lovable,2,0,2
hotel,1,0,2
arrive,0,2,2
announcement,0,2,2
report,2,0,2
replying,0,2,2
returns,2,0,2
sub,0,1,2
super,1,0,2
imma,2,0,2
lab,2,0,2
la,2,0,2
l8r,2,0,2
including,2,0,2
inches,2,0,2
informed,1,0,2
2004,0,2,2
sunshine,0,2,2
straight,2,0,2
sucks,2,0,2
std,0,2,2
package,1,0,2
stopped,2,0,2
password,1,0,2
pc,0,1,2
summer,0,2,2
country,1,1,2
cream,2,0,2
fyi,2,0,2
cuz,2,0,2
spree,0,2,2
sport,0,1,2
spoke,2,0,2
spent,2,0,2
starts,1,0,2
starting,1,1,2
credits,0,2,2
outta,2,0,2
ones,2,0,2
lead,2,0,2
wet,1,0,2
gals,2,0,2
cover,2,0,2
gal,2,0,2
gee,2,0,2
nxt,2,0,2
nw,2,0,2
nvm,2,0,2
obviously,2,0,2
personal,1,0,2
photos,2,0,2
photo,1,0,2
definitely,2,0,2
freephone,0,2,2
past,2,0,2
530,2,0,2
50,1,1,2
4u,1,0,2
wnt,2,0,2
welp,2,0,2
weight,2,0,2
contacted,0,2,2
copy,2,0,2
pilates,2,0,2
space,2,0,2
sp,0,2,2
taunton,2,0,2
tat,2,0,2
takin,2,0,2
tea,2,0,2
contract,0,1,2
ladies,1,1,2
2day,1,1,2
3d,2,0,2
gay,0,1,2
gautham,2,0,2
ntt,0,2,2
tenerife,0,2,2
connection,1,0,2
inviting,0,2,2
kerala,2,0,2
kept,1,0,2
king,2,0,2
interview,2,0,2
internet,2,0,2
flower,1,0,2
songs,2,0,2
del,0,2,2
no1,0,2,2
completely,2,0,2
common,2,0,2
theatre,2,0,2
notice,1,1,2
num,2,0,2
teeth,2,0,2
technical,2,0,2
texting,2,0,2
texted,2,0,2
gn,2,0,2
derek,2,0,2
picked,1,1,2
pissed,2,0,2
lady,2,0,2
following,0,1,2
pin,2,0,2
playing,2,0,2
gentle,2,0,2
nights,1,0,2
62468,0,2,2
wearing,2,0,2
wear,2,0,2
weak,2,0,2
flat,2,0,2
flag,0,2,2
sipix,0,2,2
single,2,0,2
slave,2,0,2
sofa,2,0,2
deleted,2,0,2
tirupur,2,0,2
net,2,0,2
giving,2,0,2
leaves,2,0,2
thursday,2,0,2
thts,2,0,2
colleagues,2,0,2
thnk,2,0,2
di,2,0,2
dey,2,0,2
site,2,0,2
sit,2,0,2
fix,2,0,2
planned,2,0,2
pleasure,2,0,2
pleased,1,1,2
kick,1,0,2
wishes,2,0,2
shuhui,2,0,2
poor,2,0,2
flights,0,2,2
ticket,2,0,2
goto,0,1,2
naughty,2,0,2
wed,1,0,2
website,2,0,2
fixed,2,0,2
simply,1,0,2
sim,1,0,2
died,2,0,2
sign,1,0,2
situation,2,0,2
murder,2,0,2
naked,1,0,2
imagine,2,0,2
87077,0,2,2
lecture,2,0,2
cold,2,0,2
totally,1,0,2
cleaning,2,0,2
clean,2,0,2
city,1,1,2
cinema,1,0,2
cine,2,0,2
click,0,1,2
wiv,1,0,2
keeping,2,0,2
kb,2,0,2
cell,2,0,2
celebrate,2,0,2
mother,2,0,2
ts,0,2,2
86021,0,2,2
wats,2,0,2
weekends,1,1,2
track,2,0,2
mp3,0,1,2
digital,0,2,2
discuss,2,0,2
sighs,2,0,2
shd,2,0,2
share,2,0,2
20,1,0,2
google,2,0,2
moms,2,0,2
waste,2,0,2
wap,0,2,2
hw,2,0,2
learn,1,0,2
letter,2,0,2
settled,2,0,2
polys,0,2,2
posted,2,0,2
police,1,0,2
chinese,2,0,2
trouble,2,0,2
travel,1,0,2
turns,2,0,2
centre,2,0,2
center,0,1,2
miracle,2,0,2
model,2,0,2
group,2,0,2
callertune,2,0,2
cd,0,2,2
cc,0,2,2
chechi,2,0,2
cars,2,0,2
changed,2,0,2
unable,1,0,2
shoot,2,0,2
self,1,0,2
pray,2,0,2
directly,2,0,2
moan,2,0,2
mo,2,0,2
bugis,2,0,2
btw,2,0,2
ahead,2,0,2
california,2,0,2
calicut,2,0,2
hai,2,0,2
lift,2,0,2
dogging,0,2,2
dog,2,0,2
sen,2,0,2
fever,2,0,2
fetch,2,0,2
practice,2,0,2
prabha,2,0,2
prepare,2,0,2
cancer,2,0,2
tyler,2,0,2
brings,2,0,2
age16,0,2,2
cake,2,0,2
bye,2,0,2
buzz,2,0,2
met,2,0,2
12,1,1,2
joking,2,0,2
joke,2,0,2
searching,2,0,2
series,2,0,2
sense,2,0,2
present,2,0,2
fault,2,0,2
fat,2,0,2
bluetooth,0,2,2
aiyo,2,0,2
link,0,1,2
hrs,2,0,2
added,1,0,2
hanging,2,0,2
bought,1,0,2
bother,2,0,2
boo,2,0,2
brand,1,1,2
problems,2,0,2
works,2,0,2
happens,2,0,2
mid,1,0,2
happend,2,0,2
advice,2,0,2
mad,2,0,2
maximize,0,2,2
hell,2,0,2
bid,0,2,2
bf,2,0,2
boss,2,0,2
boring,2,0,2
black,2,0,2
bitch,2,0,2
heavy,2,0,2
screaming,2,0,2
scream,2,0,2
uni,2,0,2
matter,2,0,2
medical,2,0,2
user,0,2,2
usually,2,0,2
high,1,0,2
hmv,0,2,2
barely,2,0,2
vikky,2,0,2
begin,1,0,2
bedroom,1,0,2
bet,2,0,2
hurts,2,0,2
putting,2,0,2
quit,2,0,2
dream,2,0,2
mathematics,2,0,2
matches,0,2,2
birds,1,0,2
masters,2,0,2
babes,1,0,2
machan,2,0,2
version,2,0,2
alrite,2,0,2
apartment,2,0,2
anybody,2,0,2
scared,2,0,2
sam,1,0,2
drug,2,0,2
dropped,2,0,2
exciting,0,1,2
experience,2,0,2
longer,2,0,2
london,0,1,2
accept,2,0,2
acc,2,0,2
rooms,2,0,2
roommate,2,0,2
quality,1,0,2
raining,2,0,2
rain,2,0,2
railway,2,0,2
radio,2,0,2
rates,0,2,2
jst,1,0,2
150,0,2,2
ish,2,0,2
joined,1,0,2
everybody,2,0,2
easier,2,0,2
role,2,0,2
roger,2,0,2
egg,2,0,2
reward,0,2,2
review,1,1,2
loyalty,0,2,2
loves,2,0,2
aiyah,2,0,2
walking,2,0,2
waking,2,0,2
air,2,0,2
ai,2,0,2
ahmad,2,0,2
awaiting,0,2,2
ave,2,0,2
aunty,2,0,2
rply,1,1,2
rose,2,0,2
return,2,0,2
result,2,0,2
dvd,0,2,2
respond,1,0,2
vomit,2,0,2
voicemail,0,2,2
arrange,1,0,2
arms,2,0,2
attend,2,0,2
appointment,2,0,2
apparently,2,0,2
app,1,1,2
eatin,2,0,2
exams,2,0,2
rakhesh,2,0,2
rcvd,0,2,2
especially,2,0,2
january,1,0,2
jesus,2,0,2
energy,1,0,2
er,2,0,2
request,2,0,2
english,2,0,2
ending,0,2,2
entitled,0,2,2
esplanade,2,0,2
ar,2,0,2
april,2,0,2
horrible,2,0,2
horny,0,2,2
italian,2,0,2
issues,1,0,2
stock,2,0,2
cute,2,0,2
custcare,0,2,2
style,2,0,2
strong,2,0,2
darling,1,0,2
dare,2,0,2
current,1,0,2
daily,1,1,2
forward,2,0,2
remove,1,1,2
remind,2,0,2
red,2,0,2
registered,1,1,2
wun,2,0,2
08712460324,0,2,2
zed,0,1,1
xchat,0,1,1
08718720201,0,1,1
08719181513,0,1,1
09050090044,0,1,1
wtf,1,0,1
wud,1,0,1
08001950382,0,1,1
08002986906,0,1,1
jordan,0,1,1
journey,1,0,1
jia,1,0,1
jiu,1,0,1
joining,1,0,1
jealous,1,0,1
jeans,1,0,1
jen,1,0,1
jada,1,0,1
remains,1,0,1
remembered,1,0,1
reminder,0,0,1
renewal,0,0,1
regret,1,0,1
regular,0,0,1
relation,1,0,1
envelope,1,0,1
eng,1,0,1
engin,1,0,1
released,1,0,1
remain,1,0,1
erutupalam,1,0,1
ese,1,0,1
enjoyed,0,0,1
xxxx,1,0,1
requirements,1,0,1
research,1,0,1
rentl,0,1,1
responding,1,0,1
refused,0,1,1
regarding,1,0,1
recharge,1,0,1
reckon,1,0,1
record,1,0,1
records,0,1,1
reasons,1,0,1
euro2004,0,1,1
relax,1,0,1
enuff,1,0,1
repeat,0,0,1
replied,1,0,1
results,0,0,1
returned,1,0,1
error,0,0,1
recd,0,1,1
receipt,1,0,1
received,0,0,1
receiving,0,0,1
recent,0,1,1
evng,1,0,1
essential,1,0,1
ended,1,0,1
eighth,1,0,1
ela,1,0,1
elaine,1,0,1
requests,0,0,1
required,1,0,1
rewarding,1,0,1
santa,0,1,1
roads,1,0,1
rays,1,0,1
rd,1,0,1
rally,0,1,1
ran,1,0,1
random,1,0,1
erm,1,0,1
eaten,1,0,1
ebay,1,0,1
ringtones,0,1,1
respect,1,0,1
responce,1,0,1
eerie,0,1,1
restaurant,1,0,1
earn,1,0,1
earth,1,0,1
east,1,0,1
dubsack,1,0,1
drinkin,1,0,1
dumb,1,0,1
excuses,1,0,1
event,1,0,1
randomly,0,0,1
rang,1,0,1
ranjith,1,0,1
raise,1,0,1
realize,0,0,1
row,1,0,1
ru,1,0,1
revealed,0,1,1
public,1,0,1
failed,0,0,1
queen,1,0,1
quickly,1,0,1
expect,1,0,1
expecting,1,0,1
expensive,1,0,1
ew,1,0,1
exact,1,0,1
express,1,0,1
exe,1,0,1
durban,1,0,1
salary,1,0,1
rofl,1,0,1
romantic,1,0,1
ron,1,0,1
ruin,1,0,1
running,1,0,1
runs,1,0,1
rush,1,0,1
drunk,1,0,1
drunken,1,0,1
dry,1,0,1
dress,1,0,1
dresser,1,0,1
sarcasm,1,0,1
quote,1,0,1
quoting,0,1,1
purity,1,0,1
purpose,0,1,1
purse,1,0,1
qatar,1,0,1
drinks,1,0,1
drivin,1,0,1
downloads,0,1,1
saved,1,0,1
prospects,1,0,1
prove,1,0,1
provided,0,1,1
promises,1,0,1
proof,1,0,1
propose,1,0,1
process,1,0,1
profit,0,0,1
prolly,1,0,1
executive,1,0,1
exhausted,1,0,1
rude,0,0,1
seconds,1,0,1
selling,1,0,1
fancies,0,1,1
eye,0,0,1
fa,0,1,1
previous,0,0,1
explain,1,0,1
purchase,0,0,1
doors,1,0,1
sed,1,0,1
scotland,1,0,1
scrounge,1,0,1
sar,1,0,1
sarasota,1,0,1
doggy,1,0,1
satisfied,1,0,1
doc,1,0,1
dot,0,0,1
dirty,1,0,1
docs,1,0,1
faster,1,0,1
fathima,1,0,1
fave,1,0,1
fair,1,0,1
fall,1,0,1
print,1,0,1
february,1,0,1
feelin,0,0,1
fan,1,0,1
senthil,1,0,1
season,1,0,1
seat,1,0,1
seven,1,0,1
sh,1,0,1
sha,1,0,1
shame,1,0,1
selection,0,1,1
fantasy,0,1,1
farm,1,0,1
prefer,1,0,1
preferably,1,0,1
premium,0,1,1
previously,0,1,1
dokey,1,0,1
dollars,1,0,1
donno,1,0,1
dload,0,1,1
dobby,1,0,1
divorce,0,0,1
sheets,1,0,1
shesil,1,0,1
fear,1,0,1
feb,1,0,1
posts,0,0,1
potential,0,0,1
pouch,1,0,1
ppl,1,0,1
pple,1,0,1
ppm,0,1,1
possession,1,0,1
fantasies,0,1,1
dislikes,1,0,1
display,1,0,1
distance,1,0,1
poker,1,0,1
file,1,0,1
files,1,0,1
fills,1,0,1
fees,1,0,1
feet,1,0,1
fell,1,0,1
female,0,0,1
postcode,0,1,1
favour,1,0,1
favourite,1,0,1
serving,1,0,1
settings,0,0,1
settle,1,0,1
distract,1,0,1
disturbing,1,0,1
shut,1,0,1
ship,1,0,1
shipped,1,0,1
dignity,1,0,1
shirt,1,0,1
shirts,1,0,1
shitload,1,0,1
shld,1,0,1
shorter,1,0,1
shortly,0,1,1
fight,1,0,1
fighting,1,0,1
fights,1,0,1
pop,1,0,1
popped,1,0,1
porn,0,1,1
si,1,0,1
sight,1,0,1
diet,1,0,1
diff,1,0,1
deus,1,0,1
sing,1,0,1
films,0,0,1
polyphonic,0,1,1
pobox334,0,1,1
pobox36504w45wq,0,1,1
flight,1,0,1
flim,1,0,1
ding,1,0,1
dick,0,0,1
dictionary,1,0,1
showing,1,0,1
pink,0,0,1
finishes,1,0,1
finishing,1,0,1
fish,1,0,1
pobox84,0,1,1
pocked,1,0,1
pod,0,1,1
plm,1,0,1
plane,1,0,1
fit,0,0,1
dhoni,1,0,1
desert,1,0,1
siva,1,0,1
sk38xh,0,1,1
sky,0,1,1
skype,1,0,1
delivered,0,1,1
sleepwell,1,0,1
desperate,1,0,1
despite,1,0,1
slice,1,0,1
slide,0,0,1
slippers,1,0,1
smart,0,0,1
singles,0,1,1
smokes,1,0,1
smoking,1,0,1
fly,1,0,1
flaked,1,0,1
flash,1,0,1
played,1,0,1
pimples,1,0,1
def,1,0,1
sooner,1,0,1
sore,1,0,1
smiles,1,0,1
dearly,1,0,1
death,1,0,1
flirt,0,1,1
floor,1,0,1
placement,1,0,1
places,1,0,1
pickle,1,0,1
dependents,1,0,1
sn,1,0,1
social,1,0,1
soft,1,0,1
slap,1,0,1
sol,0,1,1
some1,1,0,1
somethin,1,0,1
deliver,1,0,1
fml,1,0,1
fo,1,0,1
follow,0,0,1
followed,0,0,1
picture,0,0,1
pictures,1,0,1
pie,1,0,1
piece,1,0,1
pieces,1,0,1
pig,1,0,1
philosophy,1,0,1
dem,1,0,1
fool,1,0,1
deciding,1,0,1
decision,1,0,1
dates,0,0,1
dave,0,0,1
dearer,1,0,1
foot,1,0,1
football,0,0,1
penis,1,0,1
freak,1,0,1
forgiven,1,0,1
foreign,1,0,1
december,0,1,1
soup,1,0,1
speaking,1,0,1
software,1,0,1
spoken,1,0,1
spook,0,1,1
spring,1,0,1
sorting,1,0,1
sory,1,0,1
soryda,1,0,1
cw25wx,0,1,1
perfect,1,0,1
performed,1,0,1
period,1,0,1
payed,1,0,1
payoh,1,0,1
passionate,1,0,1
freezing,1,0,1
fren,1,0,1
forums,1,0,1
dai,1,0,1
curious,1,0,1
fps,1,0,1
paris,0,1,1
parked,1,0,1
parking,1,0,1
partner,0,1,1
passed,1,0,1
forgotten,1,0,1
status,1,0,1
specific,1,0,1
spending,1,0,1
spk,1,0,1
standard,0,1,1
dance,1,0,1
spl,1,0,1
step,1,0,1
cust,0,1,1
stockport,0,1,1
stomach,1,0,1
stops,1,0,1
stamps,1,0,1
cud,1,0,1
cuddle,1,0,1
frndship,1,0,1
freefone,0,1,1
painful,1,0,1
painting,1,0,1
oz,0,0,1
pages,1,0,1
standing,1,0,1
stars,0,0,1
sugar,1,0,1
suggest,1,0,1
suite,0,0,1
str,1,0,1
stranger,1,0,1
suntec,1,0,1
fuckin,1,0,1
oru,1,0,1
funeral,1,0,1
fromm,0,1,1
cross,0,0,1
croydon,0,1,1
cruise,0,0,1
stress,1,0,1
stuck,1,0,1
created,1,0,1
subscribed,0,1,1
subscriber,0,1,1
subscription,0,1,1
successful,1,0,1
costs,0,0,1
ordered,0,1,1
oreo,1,0,1
original,0,1,1
opening,1,0,1
opportunity,1,0,1
option,1,0,1
optout,0,1,1
oni,1,0,1
outstanding,1,0,1
creep,1,0,1
creepy,1,0,1
costa,0,1,1
tease,1,0,1
galileo,1,0,1
onwards,1,0,1
oooh,1,0,1
okey,1,0,1
cousin,1,0,1
swimming,1,0,1
swt,1,0,1
sunny,1,0,1
talks,1,0,1
cramps,1,0,1
supervisor,1,0,1
stylish,1,0,1
subpoly,0,1,1
subs,0,0,1
tacos,1,0,1
taken,1,0,1
coughing,1,0,1
convincing,1,0,1
cookies,1,0,1
cooking,1,0,1
talent,1,0,1
official,0,1,1
oic,1,0,1
odi,1,0,1
geeee,1,0,1
tape,1,0,1
sura,1,0,1
surprised,1,0,1
survey,0,0,1
cr9,0,1,1
tariffs,0,1,1
taste,1,0,1
considering,1,0,1
gang,1,0,1
gap,1,0,1
gaps,1,0,1
garage,1,0,1
nyc,1,0,1
o2,0,1,1
taylor,1,0,1
tb,1,0,1
cornwall,0,0,1
teaches,1,0,1
team,1,0,1
tear,1,0,1
tablets,1,0,1
teasing,1,0,1
confuses,1,0,1
ntwk,0,1,1
normally,1,0,1
note,1,0,1
noun,1,0,1
noline,0,1,1
gim,1,0,1
geeeee,1,0,1
generally,1,0,1
congratulation,1,0,1
connect,0,0,1
tells,1,0,1
telly,1,0,1
temple,1,0,1
tenants,0,1,1
community,0,0,1
completed,1,0,1
theres,1,0,1
term,0,0,1
terrible,1,0,1
terrific,1,0,1
gentleman,1,0,1
gently,1,0,1
nimya,1,0,1
nic,1,0,1
nichols,1,0,1
constantly,1,0,1
concentrate,1,0,1
concert,0,0,1
conditions,0,1,1
thangam,1,0,1
collecting,1,0,1
throat,1,0,1
throw,1,0,1
thurs,1,0,1
gibbs,1,0,1
netcollex,0,1,1
networking,1,0,1
networks,0,1,1
needed,1,0,1
genius,1,0,1
thanksgiving,1,0,1
themob,0,1,1
theory,1,0,1
comedy,1,0,1
confidence,1,0,1
confirmed,1,0,1
tomarrow,1,0,1
tick,1,0,1
clear,1,0,1
clearly,1,0,1
girlfrnd,1,0,1
gist,1,0,1
giv,0,0,1
gives,1,0,1
ne,1,0,1
goodnite,1,0,1
gf,1,0,1
combine,1,0,1
coast,1,0,1
tis,1,0,1
closed,1,0,1
closer,1,0,1
toa,1,0,1
toclaim,0,1,1
coins,1,0,1
transfr,1,0,1
nearly,1,0,1
necessarily,1,0,1
nan,1,0,1
nap,1,0,1
nat,0,1,1
natural,1,0,1
nature,1,0,1
mystery,0,0,1
closes,1,0,1
tog,1,0,1
toll,1,0,1
tom,0,0,1
transfered,1,0,1
chasing,1,0,1
nalla,1,0,1
names,0,0,1
mummy,1,0,1
murdered,1,0,1
murderer,1,0,1
goal,0,0,1
clock,1,0,1
tool,1,0,1
topic,1,0,1
tiwary,1,0,1
tkts,0,1,1
tm,1,0,1
tmrw,1,0,1
tncs,0,1,1
childish,1,0,1
children,0,0,1
truly,0,1,1
txtin,0,1,1
msn,1,0,1
grand,1,0,1
gorgeous,1,0,1
mths,0,1,1
morphine,1,0,1
moved,1,0,1
gotten,1,0,1
tour,1,0,1
claire,0,0,1
choice,0,0,1
transaction,1,0,1
transfer,1,0,1
chill,1,0,1
chillin,1,0,1
china,1,0,1
charges,1,0,1
charity,0,1,1
greetings,1,0,1
grinder,1,0,1
gram,1,0,1
moon,1,0,1
moral,1,0,1
morn,1,0,1
moji,1,0,1
mojibiola,1,0,1
mokka,1,0,1
church,1,0,1
child,0,0,1
character,1,0,1
cartoon,1,0,1
castor,1,0,1
cat,1,0,1
cheaper,0,0,1
gravity,1,0,1
green,1,0,1
greet,1,0,1
moments,1,0,1
cds,0,1,1
certainly,1,0,1
twice,1,0,1
txtauction,0,1,1
tuition,1,0,1
turn,0,0,1
tree,1,0,1
callers,1,0,1
catching,1,0,1
caught,1,0,1
callin,1,0,1
moby,0,1,1
mistakes,1,0,1
mite,1,0,1
mmm,1,0,1
mmmm,1,0,1
miserable,1,0,1
ummmmmaah,1,0,1
unbelievable,1,0,1
tt,1,0,1
careful,0,0,1
carefully,1,0,1
cha,0,0,1
cam,0,0,1
business,1,0,1
butt,1,0,1
career,1,0,1
tyrone,0,1,1
hahaha,1,0,1
haiz,1,0,1
gudnite,1,0,1
guide,1,0,1
guilty,1,0,1
handed,1,0,1
handle,1,0,1
hands,1,0,1
handset,0,1,1
cares,1,0,1
caring,1,0,1
brilliant,1,0,1
bringing,1,0,1
unredeemed,0,1,1
unsold,1,0,1
unsub,0,1,1
books,1,0,1
missin,1,0,1
mini,1,0,1
minimum,1,0,1
minuts,1,0,1
cabin,1,0,1
cafe,1,0,1
bruv,1,0,1
bud,1,0,1
budget,1,0,1
building,1,0,1
brought,0,0,1
bowl,1,0,1
box334sk38ch,0,1,1
box39822,0,1,1
box95qu,0,1,1
box97n7qp,0,1,1
buff,1,0,1
understanding,1,0,1
hamster,1,0,1
miles,1,0,1
milk,1,0,1
mental,1,0,1
mesages,1,0,1
hang,1,0,1
buns,1,0,1
bright,1,0,1
understood,1,0,1
unique,0,1,1
boye,1,0,1
boys,1,0,1
brah,1,0,1
brain,1,0,1
booking,0,0,1
messaged,1,0,1
messenger,1,0,1
meetin,1,0,1
heads,1,0,1
middle,1,0,1
bro,1,0,1
broke,1,0,1
bros,1,0,1
brothas,1,0,1
member,0,1,1
blood,1,0,1
bloody,1,0,1
blow,0,0,1
url,1,0,1
urn,1,0,1
uncles,1,0,1
upto,0,0,1
membership,0,0,1
meal,1,0,1
meaning,1,0,1
measure,1,0,1
medicine,1,0,1
meds,1,0,1
matured,1,0,1
hate,1,0,1
max10mins,0,1,1
ure,1,0,1
boat,1,0,1
body,1,0,1
bite,1,0,1
blackberry,1,0,1
borrow,1,0,1
boston,1,0,1
height,1,0,1
havin,0,0,1
headache,1,0,1
headin,1,0,1
heading,1,0,1
mb,1,0,1
mca,1,0,1
mas,1,0,1
bigger,1,0,1
biggest,0,0,1
billed,0,1,1
billion,1,0,1
valid12hrs,0,1,1
valuable,1,0,1
various,1,0,1
vary,0,1,1
vava,1,0,1
bin,1,0,1
math,1,0,1
map,1,0,1
market,1,0,1
hint,1,0,1
hip,1,0,1
hella,1,0,1
befor,1,0,1
behave,1,0,1
bein,1,0,1
belly,1,0,1
blank,1,0,1
bless,1,0,1
bloke,0,0,1
marriage,1,0,1
married,0,0,1
marry,1,0,1
manage,1,0,1
management,1,0,1
maneesha,1,0,1
malaria,1,0,1
male,0,1,1
mall,1,0,1
videophones,0,1,1
vijay,1,0,1
village,1,0,1
base,1,0,1
maga,1,0,1
hill,1,0,1
magical,1,0,1
m8,0,0,1
belovd,1,0,1
ben,1,0,1
bathing,1,0,1
bay,1,0,1
birla,1,0,1
birth,1,0,1
bishan,1,0,1
beer,1,0,1
avent,1,0,1
avoiding,1,0,1
bday,1,0,1
homeowners,0,1,1
hon,1,0,1
hl,0,1,1
hm,1,0,1
macho,1,0,1
m263uz,0,1,1
hop,1,0,1
madam,1,0,1
mag,1,0,1
bags,1,0,1
bahamas,0,1,1
balance,1,0,1
videochat,0,1,1
vry,1,0,1
ashley,1,0,1
holder,0,1,1
low,1,0,1
loud,1,0,1
lounge,0,0,1
lousy,1,0,1
hols,0,0,1
askin,1,0,1
asks,1,0,1
atlanta,1,0,1
august,0,1,1
basic,1,0,1
basically,1,0,1
bat,1,0,1
avatar,1,0,1
art,1,0,1
arun,1,0,1
vivek,1,0,1
loverboy,1,0,1
looked,1,0,1
howard,1,0,1
apologise,1,0,1
applebees,1,0,1
audition,1,0,1
audrey,1,0,1
amazing,0,0,1
apps,1,0,1
auto,1,0,1
argue,1,0,1
argument,1,0,1
arrested,1,0,1
anyways,1,0,1
apo,1,0,1
allah,1,0,1
amt,1,0,1
andros,1,0,1
losing,1,0,1
loss,1,0,1
logo,0,1,1
hug,1,0,1
huge,1,0,1
hostile,1,0,1
appt,1,0,1
arcade,0,1,1
annie,1,0,1
ansr,0,1,1
answering,1,0,1
aftr,1,0,1
american,1,0,1
lonely,1,0,1
loans,0,0,1
local,0,1,1
locations,0,1,1
aint,1,0,1
airport,1,0,1
aiya,1,0,1
walked,1,0,1
vip,0,1,1
addicted,1,0,1
voda,0,1,1
vodafone,0,1,1
vodka,1,0,1
anythin,1,0,1
actor,1,0,1
ad,1,0,1
w111wx,0,1,1
w45wq,0,1,1
hrishi,1,0,1
lock,1,0,1
login,1,0,1
literally,1,0,1
lives,1,0,1
living,1,0,1
ibiza,0,1,1
aiyar,1,0,1
alcohol,1,0,1
alert,0,1,1
affairs,1,0,1
afraid,1,0,1
lifetime,0,0,1
leona,1,0,1
ic,1,0,1
hun,1,0,1
hunny,1,0,1
listening,1,0,1
lik,1,0,1
likely,1,0,1
likes,1,0,1
lil,1,0,1
idiot,1,0,1
idk,1,0,1
husband,1,0,1
hr,1,0,1
accidentally,1,0,1
ages,1,0,1
wanting,0,0,1
wa,1,0,1
wah,1,0,1
waitin,1,0,1
addie,1,0,1
adore,1,0,1
adult,0,1,1
ac,0,1,1
ache,1,0,1
acted,1,0,1
linerental,0,1,1
lines,0,0,1
lick,1,0,1
licks,1,0,1
lido,1,0,1
lie,1,0,1
aah,1,0,1
abi,1,0,1
abj,1,0,1
8552,0,1,1
87121,0,1,1
88066,0,1,1
ideas,1,0,1
letters,1,0,1
lib,1,0,1
action,0,1,1
activate,0,1,1
activities,1,0,1
89545,0,1,1
900,1,0,1
930,1,0,1
9ae,0,1,1
85023,0,1,1
6hrs,1,0,1
6months,0,0,1
6pm,1,0,1
87239,0,1,1
7250i,0,1,1
impossible,1,0,1
ignore,1,0,1
ikea,1,0,1
legal,1,0,1
legs,1,0,1
law,1,0,1
80062,0,1,1
wedding,1,0,1
walmart,1,0,1
9ja,1,0,1
7ish,1,0,1
4t,0,1,1
4th,1,0,1
50p,0,1,1
whatsup,1,0,1
white,1,0,1
3qxj9,0,1,1
3rd,1,0,1
impatient,1,0,1
latr,1,0,1
laughing,1,0,1
infernal,1,0,1
wc1n3xx,0,1,1
82277,0,1,1
83355,0,1,1
83600,0,1,1
542,0,1,1
5min,1,0,1
5wb,0,1,1
5we,0,1,1
infront,1,0,1
incident,1,0,1
include,0,0,1
inclusive,0,1,1
language,1,0,1
40gb,0,1,1
window,1,0,1
winning,1,0,1
wins,1,0,1
wisdom,1,0,1
weird,1,0,1
786,0,1,1
26th,0,0,1
28,0,1,1
2moro,1,0,1
4742,0,1,1
4info,0,1,1
300,0,1,1
3510i,0,1,1
laid,0,0,1
kusruthi,1,0,1
kisses,1,0,1
knackered,1,0,1
knowing,1,0,1
kidz,1,0,1
inform,1,0,1
woken,1,0,1
whr,1,0,1
2morrow,1,0,1
2mrw,1,0,1
2optout,0,1,1
18yrs,0,1,1
2000,0,0,1
innings,1,0,1
kindly,1,0,1
key,1,0,1
keys,1,0,1
invite,1,0,1
indian,1,0,1
36504,0,1,1
3g,0,1,1
3gbp,0,1,1
3mins,0,1,1
25p,0,1,1
11mths,0,1,1
1327,0,1,1
wylie,1,0,1
woman,1,0,1
instructions,0,0,1
insurance,1,0,1
intelligent,1,0,1
kicks,1,0,1
kano,1,0,1
karaoke,0,0,1
kay,1,0,1
k52,0,1,1
kadeem,1,0,1
interesting,1,0,1
wkend,1,0,1
2morow,0,0,1
iscoming,0,0,1
145,0,1,1
150pm,0,1,1
09061790121,0,1,1
20p,0,1,1
25,0,1,1
250,0,1,1
intro,1,0,1
juan,1,0,1
juicy,1,0,1
july,0,0,1
june,1,0,1
jokes,1,0,1
jokin,1,0,1
ip4,0,1,1
iouri,1,0,1
xin,1,0,1
xavier,1,0,1
jacket,1,0,1
yummy,1,0,1
yun,1,0,1
yunny,1,0,1
yogasana,1,0,1
iq,1,0,1
0808,0,1,1
yan,1,0,1
jamster,0,1,1
island,1,0,1
1000,0,1,1
1000s,0,0,1
08712405020,0,1,1
08715705022,0,1,1
08707509020,0,1,1
08712300220,0,1,1
yer,0,1,1
yetunde,1,0,1
ym,1,0,1
09061221066,0,1,1
jazz,1,0,1
iz,1,0,1
islands,0,0,1
issue,1,0,1
jess,1,0,1
jan,1,0,1
jane,0,0,1
jason,1,0,1
java,0,1,1
jaya,1,0,1
050703,0,0,0
zoe,0,0,0
0121,0,0,0
08701417012,0,0,0
08701417012150p,0,0,0
08706091795,0,0,0
08712101358,0,0,0
09056242159,0,0,0
09058091854,0,0,0
09058094565,0,0,0
09058094597,0,0,0
09058094599,0,0,0
09058099801,0,0,0
09061209465,0,0,0
08002888812,0,0,0
08002986030,0,0,0
08006344447,0,0,0
0825,0,0,0
0845,0,0,0
jet,0,0,0
ji,0,0,0
janarige,0,0,0
janinexx,0,0,0
janx,0,0,0
jap,0,0,0
japanese,0,0,0
jas,0,0,0
jaz,0,0,0
jb,0,0,0
iwana,0,0,0
j89,0,0,0
jabo,0,0,0
jack,0,0,0
jackpot,0,0,0
07821230901,0,0,0
jeetey,0,0,0
jelly,0,0,0
jenne,0,0,0
jenny,0,0,0
jackson,0,0,0
jacuzzi,0,0,0
jaklin,0,0,0
jam,0,0,0
james,0,0,0
jamz,0,0,0
itcould,0,0,0
items,0,0,0
jenxxx,0,0,0
jeri,0,0,0
jerk,0,0,0
jersey,0,0,0
iraq,0,0,0
jontin,0,0,0
jos,0,0,0
jot,0,0,0
joys,0,0,0
jsco,0,0,0
jiayin,0,0,0
jjc,0,0,0
jo,0,0,0
joanna,0,0,0
jobs,0,0,0
jobyet,0,0,0
jocks,0,0,0
jod,0,0,0
jogging,0,0,0
jd,0,0,0
justbeen,0,0,0
jolly,0,0,0
jolt,0,0,0
jon,0,0,0
jones,0,0,0
iter,0,0,0
itna,0,0,0
itried2tell,0,0,0
itwhichturnedinto,0,0,0
itxt,0,0,0
itz,0,0,0
ivatte,0,0,0
ip,0,0,0
ipaditan,0,0,0
ipads,0,0,0
iphone,0,0,0
kaiez,0,0,0
kaila,0,0,0
kalainar,0,0,0
kalisidare,0,0,0
kalstiya,0,0,0
kama,0,0,0
kanagu,0,0,0
jstfrnd,0,0,0
jsut,0,0,0
judgemental,0,0,0
jules,0,0,0
juliana,0,0,0
julianaland,0,0,0
jumpers,0,0,0
junna,0,0,0
jurong,0,0,0
k61,0,0,0
k718,0,0,0
kaaj,0,0,0
iriver,0,0,0
iron,0,0,0
ironing,0,0,0
irritated,0,0,0
irritating,0,0,0
irritation,0,0,0
interviw,0,0,0
intha,0,0,0
intrude,0,0,0
invaders,0,0,0
invention,0,0,0
invest,0,0,0
investigate,0,0,0
kicchu,0,0,0
kickboxing,0,0,0
kickoff,0,0,0
kid,0,0,0
karnan,0,0,0
karo,0,0,0
kath,0,0,0
kavalan,0,0,0
kaypoh,0,0,0
ke,0,0,0
keen,0,0,0
keeps,0,0,0
keluviri,0,0,0
kent,0,0,0
justify,0,0,0
juswoke,0,0,0
kip,0,0,0
kisi,0,0,0
keralacircle,0,0,0
keris,0,0,0
kettoda,0,0,0
keyword,0,0,0
invnted,0,0,0
invoices,0,0,0
involve,0,0,0
involved,0,0,0
installing,0,0,0
instantly,0,0,0
intend,0,0,0
intention,0,0,0
kg,0,0,0
ki,0,0,0
killing,0,0,0
kills,0,0,0
kilos,0,0,0
intentions,0,0,0
interflora,0,0,0
interfued,0,0,0
interviews,0,0,0
inlude,0,0,0
inmind,0,0,0
inner,0,0,0
innocent,0,0,0
innu,0,0,0
inperialmusic,0,0,0
inr,0,0,0
kingdom,0,0,0
kiosk,0,0,0
ktv,0,0,0
kuch,0,0,0
kudi,0,0,0
kissing,0,0,0
kit,0,0,0
kittum,0,0,0
kitty,0,0,0
kl341,0,0,0
knee,0,0,0
knickers,0,0,0
knock,0,0,0
knocking,0,0,0
known,0,0,0
kidding,0,0,0
kill,0,0,0
killed,0,0,0
infact,0,0,0
labor,0,0,0
lac,0,0,0
lacs,0,0,0
lag,0,0,0
lakhs,0,0,0
ko,0,0,0
kochi,0,0,0
kolathupalayam,0,0,0
konw,0,0,0
korche,0,0,0
korean,0,0,0
korte,0,0,0
kotees,0,0,0
kothi,0,0,0
kr,0,0,0
l8,0,0,0
l8tr,0,0,0
la1,0,0,0
la32wu,0,0,0
insects,0,0,0
insha,0,0,0
inshah,0,0,0
inspection,0,0,0
inst,0,0,0
install,0,0,0
installation,0,0,0
independence,0,0,0
independently,0,0,0
indians,0,0,0
individual,0,0,0
inever,0,0,0
lamp,0,0,0
landing,0,0,0
landlineonly,0,0,0
landlines,0,0,0
lands,0,0,0
infections,0,0,0
ingredients,0,0,0
in2,0,0,0
inch,0,0,0
includes,0,0,0
lane,0,0,0
langport,0,0,0
lanka,0,0,0
lanre,0,0,0
lapdancer,0,0,0
kz,0,0,0
ldnw15h,0,0,0
le,0,0,0
leadership,0,0,0
leads,0,0,0
league,0,0,0
lara,0,0,0
large,0,0,0
largest,0,0,0
lark,0,0,0
lasagna,0,0,0
lately,0,0,0
latelyxxx,0,0,0
latests,0,0,0
laughed,0,0,0
laundry,0,0,0
lambu,0,0,0
laxinorficated,0,0,0
lay,0,0,0
lays,0,0,0
incomm,0,0,0
inconsiderate,0,0,0
inconvenience,0,0,0
inconvenient,0,0,0
incorrect,0,0,0
incredible,0,0,0
increments,0,0,0
inde,0,0,0
imp,0,0,0
implications,0,0,0
importantly,0,0,0
imposed,0,0,0
lccltd,0,0,0
impressed,0,0,0
impression,0,0,0
impressively,0,0,0
improve,0,0,0
imprtant,0,0,0
ignoring,0,0,0
ijust,0,0,0
ileave,0,0,0
illness,0,0,0
leftovers,0,0,0
leg,0,0,0
legitimat,0,0,0
lekdog,0,0,0
laurie,0,0,0
lautech,0,0,0
lavender,0,0,0
leonardo,0,0,0
lesser,0,0,0
illspeak,0,0,0
ilol,0,0,0
image,0,0,0
images,0,0,0
imf,0,0,0
imin,0,0,0
iccha,0,0,0
icic,0,0,0
icky,0,0,0
ideal,0,0,0
li,0,0,0
lecturer,0,0,0
imposter,0,0,0
impress,0,0,0
hypotheticalhuagauahahuagahyuhagga,0,0,0
limiting,0,0,0
limits,0,0,0
linear,0,0,0
lined,0,0,0
lingerie,0,0,0
lies,0,0,0
lifebook,0,0,0
lifeis,0,0,0
lifpartnr,0,0,0
lifted,0,0,0
lifting,0,0,0
lighters,0,0,0
lightly,0,0,0
length,0,0,0
lennon,0,0,0
listed,0,0,0
listened2the,0,0,0
listening2the,0,0,0
listn,0,0,0
lily,0,0,0
limit,0,0,0
identification,0,0,0
idps,0,0,0
idu,0,0,0
ig11,0,0,0
ignorant,0,0,0
hv,0,0,0
hvae,0,0,0
hyde,0,0,0
hype,0,0,0
hypertension,0,0,0
lionm,0,0,0
lionp,0,0,0
lions,0,0,0
lipo,0,0,0
ias,0,0,0
ibh,0,0,0
ibhltd,0,0,0
ibm,0,0,0
ibn,0,0,0
ibored,0,0,0
huiming,0,0,0
hum,0,0,0
humanities,0,0,0
hungover,0,0,0
hunt,0,0,0
liquor,0,0,0
lodging,0,0,0
logged,0,0,0
logging,0,0,0
lists,0,0,0
lit,0,0,0
litres,0,0,0
lived,0,0,0
liver,0,0,0
liverpool,0,0,0
lk,0,0,0
lkpobox177hp51fl,0,0,0
lo,0,0,0
load,0,0,0
lingo,0,0,0
linux,0,0,0
lion,0,0,0
loneliness,0,0,0
loo,0,0,0
lookatme,0,0,0
lobby,0,0,0
location,0,0,0
locaxx,0,0,0
hurting,0,0,0
hussey,0,0,0
hustle,0,0,0
hut,0,0,0
hppnss,0,0,0
hsbc,0,0,0
hu,0,0,0
hubby,0,0,0
locks,0,0,0
lodge,0,0,0
logoff,0,0,0
logon,0,0,0
logos,0,0,0
loko,0,0,0
lolnice,0,0,0
lololo,0,0,0
hudgi,0,0,0
hugging,0,0,0
hugh,0,0,0
hugs,0,0,0
hui,0,0,0
hottest,0,0,0
houseful,0,0,0
housewives,0,0,0
housework,0,0,0
housing,0,0,0
lool,0,0,0
loooooool,0,0,0
loose,0,0,0
loosing,0,0,0
howda,0,0,0
howdy,0,0,0
howu,0,0,0
hp,0,0,0
hp20,0,0,0
hopes,0,0,0
hopeu,0,0,0
hor,0,0,0
horo,0,0,0
hos,0,0,0
lord,0,0,0
loses,0,0,0
lotr,0,0,0
lotsly,0,0,0
lotta,0,0,0
lov,0,0,0
hospitals,0,0,0
hotels,0,0,0
hotmix,0,0,0
honest,0,0,0
honeybee,0,0,0
honeymoon,0,0,0
honi,0,0,0
hont,0,0,0
hoo,0,0,0
hoody,0,0,0
lovejen,0,0,0
loveme,0,0,0
lul,0,0,0
lunsford,0,0,0
lush,0,0,0
luton,0,0,0
lovers,0,0,0
lovin,0,0,0
lovingly,0,0,0
lovly,0,0,0
lower,0,0,0
lowes,0,0,0
loxahatchee,0,0,0
loyal,0,0,0
lrg,0,0,0
ls1,0,0,0
ls15hb,0,0,0
ls278bb,0,0,0
lst,0,0,0
lttrs,0,0,0
lubly,0,0,0
luckily,0,0,0
lucozade,0,0,0
hooked,0,0,0
hoped,0,0,0
hopeful,0,0,0
hopeing,0,0,0
hockey,0,0,0
hogidhe,0,0,0
hol,0,0,0
holby,0,0,0
hole,0,0,0
lucy,0,0,0
lucyxx,0,0,0
macs,0,0,0
luvd,0,0,0
luvs,0,0,0
lux,0,0,0
luxury,0,0,0
lv,0,0,0
lvblefrnd,0,0,0
lyf,0,0,0
lyfu,0,0,0
lying,0,0,0
lyk,0,0,0
lyrics,0,0,0
m100,0,0,0
m227xy,0,0,0
m26,0,0,0
m39m51,0,0,0
m95,0,0,0
maaaan,0,0,0
maat,0,0,0
mac,0,0,0
hollalater,0,0,0
holy,0,0,0
hitler,0,0,0
hitman,0,0,0
hits,0,0,0
hittng,0,0,0
hlday,0,0,0
macedonia,0,0,0
macha,0,0,0
machi,0,0,0
machines,0,0,0
macleran,0,0,0
hme,0,0,0
hmmmm,0,0,0
hmph,0,0,0
hmv1,0,0,0
hhahhaahahah,0,0,0
hide,0,0,0
hides,0,0,0
hills,0,0,0
maggi,0,0,0
magic,0,0,0
mahal,0,0,0
mahfuuz,0,0,0
mailbox,0,0,0
m6,0,0,0
m60,0,0,0
m8s,0,0,0
manky,0,0,0
manual,0,0,0
mailed,0,0,0
mails,0,0,0
main,0,0,0
maintain,0,0,0
maintaining,0,0,0
major,0,0,0
makiing,0,0,0
makin,0,0,0
malarky,0,0,0
mallika,0,0,0
mad1,0,0,0
mad2,0,0,0
madodu,0,0,0
madurai,0,0,0
helping,0,0,0
marketing,0,0,0
marking,0,0,0
marrge,0,0,0
marvel,0,0,0
mary,0,0,0
manageable,0,0,0
managed,0,0,0
manchester,0,0,0
manda,0,0,0
mandan,0,0,0
mandara,0,0,0
mandy,0,0,0
manege,0,0,0
mango,0,0,0
maniac,0,0,0
mathews,0,0,0
maths,0,0,0
matra,0,0,0
maps,0,0,0
marandratha,0,0,0
maretare,0,0,0
margaret,0,0,0
hillsborough,0,0,0
himso,0,0,0
hiphop,0,0,0
hire,0,0,0
history,0,0,0
hellogorgeous,0,0,0
helloooo,0,0,0
help08718728876,0,0,0
helpful,0,0,0
helpline,0,0,0
helps,0,0,0
heroes,0,0,0
hes,0,0,0
hesitant,0,0,0
hesitate,0,0,0
hesitation,0,0,0
hex,0,0,0
hearing,0,0,0
hearted,0,0,0
hearts,0,0,0
heat,0,0,0
heater,0,0,0
heaven,0,0,0
heavily,0,0,0
mathe,0,0,0
matthew,0,0,0
maturity,0,0,0
heehee,0,0,0
hehe,0,0,0
held,0,0,0
helen,0,0,0
haventcn,0,0,0
havnt,0,0,0
hdd,0,0,0
mc,0,0,0
mcat,0,0,0
mcr,0,0,0
masked,0,0,0
massage,0,0,0
massive,0,0,0
masteriastering,0,0,0
hassling,0,0,0
hat,0,0,0
mel,0,0,0
melle,0,0,0
melt,0,0,0
members,0,0,0
memorable,0,0,0
meaningful,0,0,0
meaningless,0,0,0
meat,0,0,0
meatballs,0,0,0
med,0,0,0
mee,0,0,0
matric,0,0,0
matrix3,0,0,0
matters,0,0,0
meetins,0,0,0
meets,0,0,0
mega,0,0,0
mei,0,0,0
meive,0,0,0
headset,0,0,0
heal,0,0,0
healthy,0,0,0
heap,0,0,0
hearin,0,0,0
hardcore,0,0,0
harder,0,0,0
hardest,0,0,0
hardly,0,0,0
harlem,0,0,0
harry,0,0,0
mentionned,0,0,0
meow,0,0,0
merememberin,0,0,0
haughaighgtujhyguj,0,0,0
haunt,0,0,0
hav2hear,0,0,0
havbeen,0,0,0
havebeen,0,0,0
hangin,0,0,0
hanks,0,0,0
hannaford,0,0,0
hanumanji,0,0,0
mess,0,0,0
messaging,0,0,0
messed,0,0,0
messy,0,0,0
happier,0,0,0
happiest,0,0,0
happily,0,0,0
hall,0,0,0
halla,0,0,0
hallaq,0,0,0
halloween,0,0,0
ham,0,0,0
hamper,0,0,0
mids,0,0,0
miiiiiiissssssssss,0,0,0
mila,0,0,0
mileage,0,0,0
millions,0,0,0
milta,0,0,0
mention,0,0,0
missionary,0,0,0
missions,0,0,0
misss,0,0,0
missy,0,0,0
mina,0,0,0
minapn,0,0,0
minded,0,0,0
minecraft,0,0,0
minnaminunginte,0,0,0
minor,0,0,0
mint,0,0,0
minus,0,0,0
method,0,0,0
mf,0,0,0
mia,0,0,0
michael,0,0,0
mising,0,0,0
misplaced,0,0,0
half8th,0,0,0
guesses,0,0,0
guessing,0,0,0
guidance,0,0,0
guild,0,0,0
handing,0,0,0
handsome,0,0,0
hanger,0,0,0
gving,0,0,0
gymnastics,0,0,0
gynae,0,0,0
gyno,0,0,0
habit,0,0,0
hack,0,0,0
mobilesvary,0,0,0
mobs,0,0,0
misundrstud,0,0,0
mitsake,0,0,0
mittelschmertz,0,0,0
miwa,0,0,0
mix,0,0,0
mj,0,0,0
mk17,0,0,0
ml,0,0,0
mmmmm,0,0,0
mmmmmm,0,0,0
mmmmmmm,0,0,0
mirror,0,0,0
misbehaved,0,0,0
misfits,0,0,0
mnths,0,0,0
mobcudb,0,0,0
guitar,0,0,0
gumby,0,0,0
guoyang,0,0,0
gurl,0,0,0
gut,0,0,0
gv,0,0,0
groovying,0,0,0
ground,0,0,0
grow,0,0,0
growing,0,0,0
grown,0,0,0
grownup,0,0,0
grr,0,0,0
mobilesdirect,0,0,0
modules,0,0,0
molested,0,0,0
grumble,0,0,0
grumpy,0,0,0
gsex,0,0,0
gua,0,0,0
gudni8,0,0,0
gravel,0,0,0
gray,0,0,0
greatest,0,0,0
greatly,0,0,0
mone,0,0,0
monkeespeople,0,0,0
monkeyaround,0,0,0
mmsto,0,0,0
mnth,0,0,0
monthly,0,0,0
greeting,0,0,0
grief,0,0,0
grocers,0,0,0
grooved,0,0,0
groovy,0,0,0
gr8prizes,0,0,0
grace,0,0,0
graduated,0,0,0
grahmbell,0,0,0
grams,0,0,0
gran,0,0,0
morefrmmob,0,0,0
mornin,0,0,0
mornings,0,0,0
module,0,0,0
muah,0,0,0
muchand,0,0,0
muchxxlove,0,0,0
moseley,0,0,0
mountain,0,0,0
mountains,0,0,0
mouse,0,0,0
mouth,0,0,0
moves,0,0,0
moving,0,0,0
mre,0,0,0
monkeys,0,0,0
mono,0,0,0
monoc,0,0,0
monos,0,0,0
monster,0,0,0
grandfather,0,0,0
grandmas,0,0,0
granite,0,0,0
granted,0,0,0
grasp,0,0,0
grateful,0,0,0
grave,0,0,0
gopalettan,0,0,0
gosh,0,0,0
goss,0,0,0
gossip,0,0,0
gota,0,0,0
gotany,0,0,0
mtalk,0,0,0
mth,0,0,0
mtnl,0,0,0
mys,0,0,0
myspace,0,0,0
mufti,0,0,0
muht,0,0,0
multimedia,0,0,0
multiply,0,0,0
multis,0,0,0
mumbai,0,0,0
mumhas,0,0,0
mumtaz,0,0,0
mundhe,0,0,0
munsters,0,0,0
murali,0,0,0
ms,0,0,0
msging,0,0,0
mt,0,0,0
nails,0,0,0
nalli,0,0,0
named,0,0,0
nammanna,0,0,0
mus,0,0,0
mush,0,0,0
mushy,0,0,0
musical,0,0,0
musta,0,0,0
musthu,0,0,0
mustprovide,0,0,0
mw,0,0,0
mwahs,0,0,0
mycalls,0,0,0
mylife,0,0,0
mymoby,0,0,0
naal,0,0,0
nachos,0,0,0
nag,0,0,0
nagar,0,0,0
gotmarried,0,0,0
gotto,0,0,0
goverment,0,0,0
gower,0,0,0
gprs,0,0,0
gpu,0,0,0
golf,0,0,0
gona,0,0,0
gong,0,0,0
gonnamissu,0,0,0
goodfriend,0,0,0
nahi,0,0,0
necesity,0,0,0
necessary,0,0,0
necessity,0,0,0
neck,0,0,0
necklace,0,0,0
ned,0,0,0
nange,0,0,0
narcotics,0,0,0
nasdaq,0,0,0
naseeb,0,0,0
nasty,0,0,0
natalja,0,0,0
nattil,0,0,0
natwest,0,0,0
nav,0,0,0
n8,0,0,0
navigate,0,0,0
nb,0,0,0
nbme,0,0,0
nd,0,0,0
nearby,0,0,0
nearer,0,0,0
goodmate,0,0,0
goodnoon,0,0,0
goodo,0,0,0
goods,0,0,0
gnarls,0,0,0
gnt,0,0,0
go2,0,0,0
go2sri,0,0,0
goals,0,0,0
gods,0,0,0
needy,0,0,0
neft,0,0,0
negative,0,0,0
goggles,0,0,0
goigng,0,0,0
goin2bed,0,0,0
gold,0,0,0
goldviking,0,0,0
given,0,0,0
neglect,0,0,0
neglet,0,0,0
neighbor,0,0,0
neighbors,0,0,0
nelson,0,0,0
neo69,0,0,0
nervous,0,0,0
nig,0,0,0
nigh,0,0,0
nighters,0,0,0
nigpun,0,0,0
nigro,0,0,0
netflix,0,0,0
nething,0,0,0
nevering,0,0,0
neville,0,0,0
nevr,0,0,0
neway,0,0,0
newest,0,0,0
newscaster,0,0,0
newspapers,0,0,0
needing,0,0,0
needle,0,0,0
noise,0,0,0
nhs,0,0,0
nick,0,0,0
nickey,0,0,0
nicky,0,0,0
glands,0,0,0
glasgow,0,0,0
global,0,0,0
glorious,0,0,0
glory,0,0,0
gm,0,0,0
gmw,0,0,0
getsleep,0,0,0
getstop,0,0,0
ghodbandar,0,0,0
ghost,0,0,0
nooooooo,0,0,0
noooooooo,0,0,0
nora,0,0,0
norcorp,0,0,0
norm,0,0,0
nike,0,0,0
ninish,0,0,0
nipost,0,0,0
nit,0,0,0
nitro,0,0,0
nitros,0,0,0
nitw,0,0,0
nitz,0,0,0
njan,0,0,0
nmde,0,0,0
nobbing,0,0,0
noisy,0,0,0
nok,0,0,0
nokia6600,0,0,0
nokia6650,0,0,0
nokias,0,0,0
noncomittal,0,0,0
gibe,0,0,0
gifted,0,0,0
gifts,0,0,0
gimmi,0,0,0
gin,0,0,0
genes,0,0,0
gent,0,0,0
genuine,0,0,0
genus,0,0,0
nonetheless,0,0,0
gbp,0,0,0
nuclear,0,0,0
nudist,0,0,0
nursery,0,0,0
nurses,0,0,0
northampton,0,0,0
nos,0,0,0
nose,0,0,0
nosy,0,0,0
notebook,0,0,0
notes,0,0,0
nothin,0,0,0
notifications,0,0,0
notified,0,0,0
notixiquating,0,0,0
nottingham,0,0,0
n√¨te,0,0,0
novelty,0,0,0
november,0,0,0
nowadays,0,0,0
nr31,0,0,0
nri,0,0,0
nte,0,0,0
geoenvironmental,0,0,0
george,0,0,0
gep,0,0,0
ger,0,0,0
germany,0,0,0
getiing,0,0,0
geting,0,0,0
gayle,0,0,0
gaze,0,0,0
nurungu,0,0,0
nus,0,0,0
nuther,0,0,0
nutter,0,0,0
nver,0,0,0
gei,0,0,0
gek1510,0,0,0
gender,0,0,0
general,0,0,0
gamestar,0,0,0
gandhipuram,0,0,0
ganesh,0,0,0
ny,0,0,0
nydc,0,0,0
nytho,0,0,0
nz,0,0,0
oi,0,0,0
oil,0,0,0
oja,0,0,0
o2fwd,0,0,0
obedient,0,0,0
obese,0,0,0
obey,0,0,0
oblisingately,0,0,0
oblivious,0,0,0
occasion,0,0,0
occupy,0,0,0
oclock,0,0,0
october,0,0,0
odalebeku,0,0,0
offc,0,0,0
offcampus,0,0,0
fuuuuck,0,0,0
g2,0,0,0
g696ga,0,0,0
olave,0,0,0
olayiwola,0,0,0
olol,0,0,0
olowoyey,0,0,0
olympics,0,0,0
offered,0,0,0
officer,0,0,0
officially,0,0,0
offline,0,0,0
ofice,0,0,0
ofsi,0,0,0
oga,0,0,0
ogunrinde,0,0,0
oooooh,0,0,0
ooooooh,0,0,0
okday,0,0,0
okies,0,0,0
ola,0,0,0
olage,0,0,0
garbage,0,0,0
garden,0,0,0
gari,0,0,0
garments,0,0,0
gary,0,0,0
gastroenteritis,0,0,0
gauge,0,0,0
funs,0,0,0
furniture,0,0,0
fusion,0,0,0
only1more,0,0,0
onlyfound,0,0,0
gail,0,0,0
gain,0,0,0
gained,0,0,0
gam,0,0,0
fucks,0,0,0
fudge,0,0,0
fuelled,0,0,0
fujitsu,0,0,0
ful,0,0,0
fulfil,0,0,0
fumbling,0,0,0
onum,0,0,0
onwords,0,0,0
ooh,0,0,0
ore,0,0,0
oreos,0,0,0
orh,0,0,0
orig,0,0,0
ors,0,0,0
opener,0,0,0
openin,0,0,0
openings,0,0,0
opinions,0,0,0
opposed,0,0,0
opposite,0,0,0
opted,0,0,0
optin,0,0,0
onam,0,0,0
ondu,0,0,0
onluy,0,0,0
frog,0,0,0
fromwrk,0,0,0
frontierville,0,0,0
frosty,0,0,0
ouch,0,0,0
ourbacks,0,0,0
outage,0,0,0
outages,0,0,0
outbid,0,0,0
outdoors,0,0,0
outfit,0,0,0
outgoing,0,0,0
or2stoptxt,0,0,0
oral,0,0,0
oranges,0,0,0
orc,0,0,0
ovulation,0,0,0
ortxt,0,0,0
os,0,0,0
oscar,0,0,0
otbox,0,0,0
otside,0,0,0
ou,0,0,0
function,0,0,0
functions,0,0,0
fund,0,0,0
fundamentals,0,0,0
funk,0,0,0
funky,0,0,0
frndsship,0,0,0
frnt,0,0,0
fro,0,0,0
outsomewhere,0,0,0
fruit,0,0,0
frwd,0,0,0
frying,0,0,0
fucked,0,0,0
fuckinnice,0,0,0
fret,0,0,0
fridays,0,0,0
fridge,0,0,0
ovarian,0,0,0
overa,0,0,0
overdid,0,0,0
overdose,0,0,0
overheating,0,0,0
overtime,0,0,0
ovr,0,0,0
panther,0,0,0
ow,0,0,0
owe,0,0,0
owed,0,0,0
owned,0,0,0
owo,0,0,0
oxygen,0,0,0
oyea,0,0,0
oyster,0,0,0
pack,0,0,0
packing,0,0,0
packs,0,0,0
outl8r,0,0,0
outreach,0,0,0
outs,0,0,0
outsider,0,0,0
paranoid,0,0,0
parantella,0,0,0
parchi,0,0,0
parco,0,0,0
parent,0,0,0
pai,0,0,0
paining,0,0,0
pairs,0,0,0
pale,0,0,0
pan,0,0,0
panalam,0,0,0
panasonic,0,0,0
pandy,0,0,0
panic,0,0,0
panicks,0,0,0
panren,0,0,0
papers,0,0,0
paperwork,0,0,0
paracetamol,0,0,0
parachute,0,0,0
friendships,0,0,0
fringe,0,0,0
frmcloud,0,0,0
frndshp,0,0,0
freaked,0,0,0
freaking,0,0,0
freaky,0,0,0
free2day,0,0,0
freedom,0,0,0
freeentry,0,0,0
paragon,0,0,0
paragraphs,0,0,0
patients,0,0,0
pattern,0,0,0
patty,0,0,0
payasam,0,0,0
payback,0,0,0
parkin,0,0,0
participate,0,0,0
particularly,0,0,0
parties,0,0,0
partnership,0,0,0
parts,0,0,0
paru,0,0,0
passable,0,0,0
panties,0,0,0
pants,0,0,0
papa,0,0,0
pehle,0,0,0
pei,0,0,0
passes,0,0,0
passion,0,0,0
passwords,0,0,0
pataistha,0,0,0
patent,0,0,0
freek,0,0,0
french,0,0,0
frequently,0,0,0
forwarding,0,0,0
foundurself,0,0,0
foward,0,0,0
fox,0,0,0
path,0,0,0
paths,0,0,0
form,0,0,0
perform,0,0,0
performance,0,0,0
perfume,0,0,0
peripherals,0,0,0
permanent,0,0,0
payed2day,0,0,0
payee,0,0,0
payment,0,0,0
peace,0,0,0
peaceful,0,0,0
peach,0,0,0
peak,0,0,0
pears,0,0,0
pee,0,0,0
peeps,0,0,0
pen,0,0,0
pence,0,0,0
pendent,0,0,0
pending,0,0,0
peoples,0,0,0
percentages,0,0,0
fraction,0,0,0
fran,0,0,0
frank,0,0,0
frankie,0,0,0
franxx,0,0,0
franyxxxxx,0,0,0
frauds,0,0,0
forgets,0,0,0
forgiveness,0,0,0
forgt,0,0,0
phony,0,0,0
photoshop,0,0,0
php,0,0,0
phrase,0,0,0
permissions,0,0,0
perpetual,0,0,0
persevered,0,0,0
persian,0,0,0
personality,0,0,0
personally,0,0,0
perspective,0,0,0
perumbavoor,0,0,0
petexxx,0,0,0
petrol,0,0,0
pharmacy,0,0,0
phd,0,0,0
phne,0,0,0
phoenix,0,0,0
phone750,0,0,0
formal,0,0,0
format,0,0,0
formatting,0,0,0
forms,0,0,0
forth,0,0,0
fortune,0,0,0
forum,0,0,0
fooled,0,0,0
fools,0,0,0
footbl,0,0,0
footie,0,0,0
footprints,0,0,0
phonebook,0,0,0
piah,0,0,0
picsfree1,0,0,0
footy,0,0,0
force,0,0,0
forced,0,0,0
foregate,0,0,0
forevr,0,0,0
forfeit,0,0,0
fne,0,0,0
foley,0,0,0
folks,0,0,0
followin,0,0,0
pierre,0,0,0
phews,0,0,0
phil,0,0,0
philosophical,0,0,0
pillows,0,0,0
pints,0,0,0
pisces,0,0,0
piss,0,0,0
follows,0,0,0
fond,0,0,0
fondly,0,0,0
fones,0,0,0
fonin,0,0,0
flippin,0,0,0
flirting,0,0,0
flood,0,0,0
flow,0,0,0
flowers,0,0,0
pity,0,0,0
pl,0,0,0
platt,0,0,0
flowing,0,0,0
fluids,0,0,0
flung,0,0,0
flurries,0,0,0
flute,0,0,0
flyng,0,0,0
fm,0,0,0
fixes,0,0,0
fizz,0,0,0
flaky,0,0,0
flame,0,0,0
playin,0,0,0
playng,0,0,0
plaza,0,0,0
pile,0,0,0
pobox365o4w45wq,0,0,0
pobox45w2tg150p,0,0,0
pobox75ldns7,0,0,0
poboxox36504w45wq,0,0,0
pocay,0,0,0
pleasant,0,0,0
pleassssssseeeeee,0,0,0
pleasured,0,0,0
ploughing,0,0,0
plum,0,0,0
plumbers,0,0,0
plumbing,0,0,0
plural,0,0,0
plyr,0,0,0
plaid,0,0,0
plate,0,0,0
polyc,0,0,0
polyh,0,0,0
polyph,0,0,0
pmt,0,0,0
pobox12n146tf15,0,0,0
pobox202,0,0,0
flatter,0,0,0
fletcher,0,0,0
flew,0,0,0
flies,0,0,0
flip,0,0,0
fink,0,0,0
finn,0,0,0
fired,0,0,0
firefox,0,0,0
firsg,0,0,0
poking,0,0,0
pokkiri,0,0,0
pole,0,0,0
fishhead,0,0,0
fishrman,0,0,0
fiting,0,0,0
fixd,0,0,0
fixedline,0,0,0
filth,0,0,0
filthy,0,0,0
filthyguys,0,0,0
finance,0,0,0
financial,0,0,0
politicians,0,0,0
polo,0,0,0
poly3,0,0,0
pool,0,0,0
poop,0,0,0
finding,0,0,0
finds,0,0,0
finest,0,0,0
finishd,0,0,0
fidalfication,0,0,0
field,0,0,0
fifa,0,0,0
fightng,0,0,0
poorly,0,0,0
poortiyagi,0,0,0
popcorn,0,0,0
porridge,0,0,0
portege,0,0,0
poem,0,0,0
position,0,0,0
positions,0,0,0
positive,0,0,0
figures,0,0,0
figuring,0,0,0
filled,0,0,0
filling,0,0,0
fellow,0,0,0
feng,0,0,0
possessive,0,0,0
possibility,0,0,0
postal,0,0,0
postcard,0,0,0
ponnungale,0,0,0
pooja,0,0,0
pookie,0,0,0
praps,0,0,0
prasad,0,0,0
prasanth,0,0,0
prashanthettan,0,0,0
prayers,0,0,0
posting,0,0,0
postponed,0,0,0
potter,0,0,0
pounded,0,0,0
pours,0,0,0
pouts,0,0,0
poyyarikatur,0,0,0
portions,0,0,0
pose,0,0,0
posh,0,0,0
posible,0,0,0
prabu,0,0,0
pract,0,0,0
practical,0,0,0
practicing,0,0,0
practising,0,0,0
festival,0,0,0
fetching,0,0,0
fffff,0,0,0
ffffffffff,0,0,0
fgkslpo,0,0,0
fgkslpopw,0,0,0
favor,0,0,0
favorite,0,0,0
feathery,0,0,0
praises,0,0,0
prakesh,0,0,0
pretend,0,0,0
pretsorginta,0,0,0
pretsovru,0,0,0
praying,0,0,0
prayrs,0,0,0
pre,0,0,0
predict,0,0,0
predicte,0,0,0
predicting,0,0,0
prediction,0,0,0
predictive,0,0,0
prem,0,0,0
premier,0,0,0
prepaid,0,0,0
prepared,0,0,0
ppm150,0,0,0
preponed,0,0,0
prescribed,0,0,0
prescripiton,0,0,0
prescription,0,0,0
presence,0,0,0
presents,0,0,0
fed,0,0,0
feed,0,0,0
feelingood,0,0,0
feellikw,0,0,0
farrell,0,0,0
farting,0,0,0
president,0,0,0
pressies,0,0,0
pressure,0,0,0
prestige,0,0,0
prices,0,0,0
fastest,0,0,0
fated,0,0,0
fainting,0,0,0
faith,0,0,0
fake,0,0,0
fakeye,0,0,0
fal,0,0,0
fallen,0,0,0
pride,0,0,0
prince,0,0,0
printed,0,0,0
printer,0,0,0
printing,0,0,0
prior,0,0,0
prepayment,0,0,0
prix,0,0,0
priya,0,0,0
prizeawaiting,0,0,0
falling,0,0,0
falls,0,0,0
fals,0,0,0
famamus,0,0,0
fab,0,0,0
faber,0,0,0
prizes,0,0,0
prizeswith,0,0,0
pro,0,0,0
problematic,0,0,0
prevent,0,0,0
previews,0,0,0
prey,0,0,0
propsd,0,0,0
problms,0,0,0
problum,0,0,0
probpop,0,0,0
probs,0,0,0
probthat,0,0,0
processed,0,0,0
prods,0,0,0
profile,0,0,0
program,0,0,0
progress,0,0,0
projects,0,0,0
prometazine,0,0,0
priority,0,0,0
priscilla,0,0,0
privacy,0,0,0
psp,0,0,0
psxtra,0,0,0
psychic,0,0,0
pt2,0,0,0
ptbo,0,0,0
prominent,0,0,0
promised,0,0,0
promo,0,0,0
promoting,0,0,0
prompts,0,0,0
prone,0,0,0
proove,0,0,0
proper,0,0,0
properly,0,0,0
property,0,0,0
props,0,0,0
explicit,0,0,0
explicitly,0,0,0
punish,0,0,0
punishment,0,0,0
punj,0,0,0
puppy,0,0,0
pura,0,0,0
purchases,0,0,0
pure,0,0,0
pros,0,0,0
protect,0,0,0
proverb,0,0,0
proze,0,0,0
prsn,0,0,0
ps,0,0,0
pshew,0,0,0
pull,0,0,0
pulling,0,0,0
pulls,0,0,0
pump,0,0,0
punch,0,0,0
factory,0,0,0
facts,0,0,0
faded,0,0,0
faggy,0,0,0
faglord,0,0,0
failing,0,0,0
failure,0,0,0
experiment,0,0,0
expert,0,0,0
expired,0,0,0
expiry,0,0,0
exorcism,0,0,0
quiet,0,0,0
quiteamuzing,0,0,0
quizzes,0,0,0
purple,0,0,0
push,0,0,0
pushes,0,0,0
puts,0,0,0
puttin,0,0,0
puzzles,0,0,0
px3748,0,0,0
qbank,0,0,0
qet,0,0,0
qi,0,0,0
publish,0,0,0
pubs,0,0,0
expects,0,0,0
experiencehttp,0,0,0
evrey,0,0,0
evry,0,0,0
evry1,0,0,0
evrydy,0,0,0
explosive,0,0,0
exposed,0,0,0
exposes,0,0,0
expression,0,0,0
ext,0,0,0
ey,0,0,0
exercise,0,0,0
exeter,0,0,0
exhaust,0,0,0
exmpel,0,0,0
ratio,0,0,0
r836,0,0,0
racing,0,0,0
raed,0,0,0
rael,0,0,0
raglan,0,0,0
rahul,0,0,0
raiden,0,0,0
raised,0,0,0
raj,0,0,0
rajas,0,0,0
raji,0,0,0
qing,0,0,0
questioned,0,0,0
exorcist,0,0,0
expected,0,0,0
reacting,0,0,0
reaction,0,0,0
rajini,0,0,0
raksha,0,0,0
ralphs,0,0,0
randomlly,0,0,0
excited,0,0,0
excused,0,0,0
events,0,0,0
eventually,0,0,0
everyboy,0,0,0
everyday,0,0,0
everyones,0,0,0
everyso,0,0,0
range,0,0,0
raping,0,0,0
ethnicity,0,0,0
ettans,0,0,0
euro,0,0,0
reality,0,0,0
realized,0,0,0
realizes,0,0,0
reallyneed,0,0,0
reapply,0,0,0
raviyog,0,0,0
rawring,0,0,0
rayan,0,0,0
rayman,0,0,0
rct,0,0,0
rcv,0,0,0
rdy,0,0,0
reache,0,0,0
receipts,0,0,0
receivea,0,0,0
readers,0,0,0
readiness,0,0,0
realise,0,0,0
realising,0,0,0
everytime,0,0,0
evey,0,0,0
eviction,0,0,0
evil,0,0,0
evn,0,0,0
evo,0,0,0
evr,0,0,0
essay,0,0,0
establish,0,0,0
eta,0,0,0
reasonable,0,0,0
rebel,0,0,0
reboot,0,0,0
rebtel,0,0,0
rec,0,0,0
eurodisinc,0,0,0
europe,0,0,0
evaluation,0,0,0
evaporated,0,0,0
evenings,0,0,0
erode,0,0,0
erotic,0,0,0
err,0,0,0
errors,0,0,0
ertini,0,0,0
eruku,0,0,0
entry41,0,0,0
reformat,0,0,0
reg,0,0,0
regard,0,0,0
register,0,0,0
reception,0,0,0
recession,0,0,0
recognises,0,0,0
recorded,0,0,0
recount,0,0,0
recovery,0,0,0
recpt,0,0,0
recreation,0,0,0
recycling,0,0,0
redeemable,0,0,0
rearrange,0,0,0
reduce,0,0,0
ref,0,0,0
referin,0,0,0
reffering,0,0,0
refilled,0,0,0
reflection,0,0,0
reflex,0,0,0
esaplanade,0,0,0
escalator,0,0,0
eshxxxxxxxxxxx,0,0,0
espe,0,0,0
entertain,0,0,0
entertaining,0,0,0
entey,0,0,0
entire,0,0,0
entropication,0,0,0
rejected,0,0,0
relatives,0,0,0
enufcredeit,0,0,0
envy,0,0,0
eppolum,0,0,0
epsilon,0,0,0
ericsson,0,0,0
enemies,0,0,0
enemy,0,0,0
engagement,0,0,0
engalnd,0,0,0
reliant,0,0,0
relieved,0,0,0
religiously,0,0,0
relocate,0,0,0
reltnship,0,0,0
repeating,0,0,0
replace,0,0,0
replacement,0,0,0
replacing,0,0,0
replies,0,0,0
remb,0,0,0
rememberi,0,0,0
remembr,0,0,0
remembrs,0,0,0
reminded,0,0,0
reminding,0,0,0
remixed,0,0,0
removal,0,0,0
removed,0,0,0
registration,0,0,0
regretted,0,0,0
renewing,0,0,0
renting,0,0,0
rents,0,0,0
repair,0,0,0
enjoyin,0,0,0
enjoying,0,0,0
enters,0,0,0
embarrassed,0,0,0
embassy,0,0,0
emergency,0,0,0
emerging,0,0,0
emigrated,0,0,0
emily,0,0,0
emotion,0,0,0
employee,0,0,0
repairs,0,0,0
reppurcussions,0,0,0
republic,0,0,0
employer,0,0,0
en,0,0,0
enc,0,0,0
endless,0,0,0
eh74rr,0,0,0
eightish,0,0,0
eire,0,0,0
elaborating,0,0,0
elaya,0,0,0
require,0,0,0
resend,0,0,0
reservations,0,0,0
reserve,0,0,0
renewed,0,0,0
responsibility,0,0,0
election,0,0,0
elections,0,0,0
elliot,0,0,0
ello,0,0,0
embarassed,0,0,0
embarassing,0,0,0
education,0,0,0
edukkukayee,0,0,0
edward,0,0,0
edwards,0,0,0
ee,0,0,0
eek,0,0,0
effect,0,0,0
retrieve,0,0,0
replys150,0,0,0
ear,0,0,0
revision,0,0,0
rhythm,0,0,0
rich,0,0,0
effects,0,0,0
efficient,0,0,0
efreefone,0,0,0
egbon,0,0,0
eggs,0,0,0
ego,0,0,0
eastenders,0,0,0
easter,0,0,0
rights,0,0,0
river,0,0,0
reserves,0,0,0
reset,0,0,0
dudes,0,0,0
duffer,0,0,0
dull,0,0,0
ec2a,0,0,0
echo,0,0,0
eckankar,0,0,0
ecstacy,0,0,0
ecstasy,0,0,0
edhae,0,0,0
edison,0,0,0
edition,0,0,0
duvet,0,0,0
dvg,0,0,0
dwn,0,0,0
dying,0,0,0
e14,0,0,0
dreamz,0,0,0
dressed,0,0,0
dump,0,0,0
dungerees,0,0,0
dusk,0,0,0
dust,0,0,0
drops,0,0,0
drove,0,0,0
drpd,0,0,0
drugdealer,0,0,0
earning,0,0,0
easiest,0,0,0
easily,0,0,0
dual,0,0,0
duchess,0,0,0
ducking,0,0,0
driver,0,0,0
drizzling,0,0,0
drms,0,0,0
downloaded,0,0,0
downon,0,0,0
downs,0,0,0
downstem,0,0,0
dozens,0,0,0
dps,0,0,0
rub,0,0,0
sacrifice,0,0,0
drunkard,0,0,0
drvgsto,0,0,0
dryer,0,0,0
ds,0,0,0
dt,0,0,0
secretary,0,0,0
secs,0,0,0
seeds,0,0,0
select,0,0,0
scary,0,0,0
schools,0,0,0
science,0,0,0
scold,0,0,0
scotsman,0,0,0
screamed,0,0,0
screen,0,0,0
sd,0,0,0
se,0,0,0
sathya,0,0,0
saucy,0,0,0
drinking,0,0,0
doinat,0,0,0
sender,0,0,0
sept,0,0,0
dr,0,0,0
dracula,0,0,0
drama,0,0,0
dramatic,0,0,0
drastic,0,0,0
draws,0,0,0
dreading,0,0,0
dontplease,0,0,0
donyt,0,0,0
dorm,0,0,0
dormitory,0,0,0
dorothy,0,0,0
dose,0,0,0
dom,0,0,0
donate,0,0,0
dontignore,0,0,0
dl,0,0,0
dled,0,0,0
dlf,0,0,0
dob,0,0,0
dosomething,0,0,0
doublemins,0,0,0
doubletxt,0,0,0
doubt,0,0,0
doug,0,0,0
dough,0,0,0
dogbreath,0,0,0
doggin,0,0,0
dogs,0,0,0
directors,0,0,0
dirtiest,0,0,0
dock,0,0,0
docks,0,0,0
documents,0,0,0
dodda,0,0,0
dodgey,0,0,0
discussed,0,0,0
diseases,0,0,0
disk,0,0,0
dismay,0,0,0
dismissial,0,0,0
shahjahan,0,0,0
selfish,0,0,0
sells,0,0,0
dollar,0,0,0
disaster,0,0,0
disc,0,0,0
disclose,0,0,0
disconnect,0,0,0
differences,0,0,0
difficulties,0,0,0
dificult,0,0,0
digi,0,0,0
shocking,0,0,0
ditto,0,0,0
division,0,0,0
diwali,0,0,0
dizzamn,0,0,0
dip,0,0,0
dippeditinadew,0,0,0
director,0,0,0
shouted,0,0,0
dime,0,0,0
dined,0,0,0
dinero,0,0,0
dining,0,0,0
diamonds,0,0,0
diapers,0,0,0
dice,0,0,0
dict,0,0,0
diddy,0,0,0
shoving,0,0,0
shu,0,0,0
shy,0,0,0
shijas,0,0,0
shipping,0,0,0
disappeared,0,0,0
differ,0,0,0
difference,0,0,0
determine,0,0,0
detroit,0,0,0
develop,0,0,0
developed,0,0,0
developer,0,0,0
devils,0,0,0
devouring,0,0,0
silver,0,0,0
simpler,0,0,0
sinco,0,0,0
singing,0,0,0
shoppin,0,0,0
shore,0,0,0
shortage,0,0,0
dial,0,0,0
dialling,0,0,0
dialogue,0,0,0
derp,0,0,0
description,0,0,0
deserve,0,0,0
designation,0,0,0
desires,0,0,0
desk,0,0,0
desparate,0,0,0
skillgame,0,0,0
skip,0,0,0
sian,0,0,0
silently,0,0,0
didntgive,0,0,0
diesel,0,0,0
dessert,0,0,0
destination,0,0,0
destiny,0,0,0
detailed,0,0,0
dena,0,0,0
dengra,0,0,0
denis,0,0,0
dent,0,0,0
dental,0,0,0
dentist,0,0,0
denying,0,0,0
department,0,0,0
slip,0,0,0
slo,0,0,0
dha,0,0,0
dhina,0,0,0
deposit,0,0,0
deposited,0,0,0
depressed,0,0,0
depression,0,0,0
dept,0,0,0
dehydrated,0,0,0
dehydration,0,0,0
delayed,0,0,0
delete,0,0,0
delhi,0,0,0
delicious,0,0,0
snake,0,0,0
snogs,0,0,0
sleepin,0,0,0
sleepy,0,0,0
desparately,0,0,0
source,0,0,0
soiree,0,0,0
solve,0,0,0
somtimes,0,0,0
deliveredtomorrow,0,0,0
deltomorrow,0,0,0
demand,0,0,0
dedicate,0,0,0
dedicated,0,0,0
deepak,0,0,0
deepest,0,0,0
deer,0,0,0
deeraj,0,0,0
soo,0,0,0
sooooo,0,0,0
smashed,0,0,0
sorrow,0,0,0
sorted,0,0,0
decisions,0,0,0
decking,0,0,0
declare,0,0,0
dasara,0,0,0
defeat,0,0,0
defer,0,0,0
definite,0,0,0
definitly,0,0,0
defo,0,0,0
degree,0,0,0
degrees,0,0,0
dear1,0,0,0
debating,0,0,0
decades,0,0,0
cya,0,0,0
starwars3,0,0,0
speeding,0,0,0
daytime,0,0,0
daywith,0,0,0
dd,0,0,0
dealer,0,0,0
dealing,0,0,0
deals,0,0,0
dan,0,0,0
dancing,0,0,0
dane,0,0,0
dang,0,0,0
danger,0,0,0
dangerous,0,0,0
sptv,0,0,0
dabbles,0,0,0
dads,0,0,0
cupboard,0,0,0
cuppa,0,0,0
curfew,0,0,0
curry,0,0,0
curtsey,0,0,0
dao,0,0,0
dark,0,0,0
darker,0,0,0
darkest,0,0,0
cutefrnd,0,0,0
cutest,0,0,0
cutie,0,0,0
cutter,0,0,0
cutting,0,0,0
custom,0,0,0
customercare,0,0,0
customers,0,0,0
ctagg,0,0,0
ctargg,0,0,0
cts,0,0,0
cttargg,0,0,0
ctter,0,0,0
cttergg,0,0,0
ctxt,0,0,0
cu,0,0,0
stomps,0,0,0
stones,0,0,0
stamped,0,0,0
star,0,0,0
cysts,0,0,0
sum1,0,0,0
stores,0,0,0
storming,0,0,0
cuddled,0,0,0
cuddling,0,0,0
cultures,0,0,0
cumin,0,0,0
crore,0,0,0
crossing,0,0,0
crowd,0,0,0
crucial,0,0,0
crucify,0,0,0
stayin,0,0,0
stays,0,0,0
stick,0,0,0
sticky,0,0,0
superb,0,0,0
supply,0,0,0
suprman,0,0,0
cruisin,0,0,0
crushes,0,0,0
crying,0,0,0
csbcm4235wc1n3xx,0,0,0
csh11,0,0,0
cst,0,0,0
cstore,0,0,0
creative,0,0,0
creativity,0,0,0
credited,0,0,0
successfully,0,0,0
sue,0,0,0
sum,0,0,0
sunlight,0,0,0
cres,0,0,0
cribbs,0,0,0
cricket,0,0,0
cricketer,0,0,0
crickiting,0,0,0
cried,0,0,0
crisis,0,0,0
cro1327,0,0,0
crab,0,0,0
crack,0,0,0
craigslist,0,0,0
crammed,0,0,0
crap,0,0,0
crash,0,0,0
crashed,0,0,0
cosign,0,0,0
costing,0,0,0
crashing,0,0,0
craving,0,0,0
craziest,0,0,0
crazyin,0,0,0
crckt,0,0,0
counts,0,0,0
coupla,0,0,0
courage,0,0,0
courtroom,0,0,0
sw73ss,0,0,0
sweetest,0,0,0
sweetheart,0,0,0
swiss,0,0,0
sumthin,0,0,0
cough,0,0,0
coulda,0,0,0
count,0,0,0
countin,0,0,0
cooped,0,0,0
cooperative,0,0,0
coping,0,0,0
cops,0,0,0
suzy,0,0,0
covers,0,0,0
cozy,0,0,0
cps,0,0,0
cr,0,0,0
cr01327bt,0,0,0
corrupt,0,0,0
corvettes,0,0,0
corrct,0,0,0
correction,0,0,0
correctly,0,0,0
contacts,0,0,0
contains,0,0,0
contented,0,0,0
continue,0,0,0
continued,0,0,0
teacher,0,0,0
tears,0,0,0
swtheart,0,0,0
symbol,0,0,0
tahan,0,0,0
costume,0,0,0
costumes,0,0,0
couch,0,0,0
contribute,0,0,0
control,0,0,0
conversations,0,0,0
converted,0,0,0
converter,0,0,0
convince,0,0,0
convinced,0,0,0
connected,0,0,0
connections,0,0,0
cons,0,0,0
telphone,0,0,0
temp,0,0,0
tension,0,0,0
tayseer,0,0,0
corect,0,0,0
corporation,0,0,0
testing,0,0,0
tests,0,0,0
consent,0,0,0
conserve,0,0,0
consider,0,0,0
console,0,0,0
constant,0,0,0
concentrating,0,0,0
concentration,0,0,0
concern,0,0,0
concerned,0,0,0
condition,0,0,0
textbuddy,0,0,0
textoperator,0,0,0
tech,0,0,0
tee,0,0,0
computers,0,0,0
conacted,0,0,0
comingdown,0,0,0
command,0,0,0
comment,0,0,0
commit,0,0,0
conducts,0,0,0
conected,0,0,0
confirmd,0,0,0
conform,0,0,0
complaint,0,0,0
complementary,0,0,0
completes,0,0,0
completing,0,0,0
thgt,0,0,0
tessy,0,0,0
thousands,0,0,0
thread,0,0,0
threw,0,0,0
compare,0,0,0
complacent,0,0,0
complain,0,0,0
collected,0,0,0
colleg,0,0,0
color,0,0,0
ths,0,0,0
thy,0,0,0
compliments,0,0,0
comprehensive,0,0,0
compromised,0,0,0
compulsory,0,0,0
computational,0,0,0
tihs,0,0,0
colourful,0,0,0
colours,0,0,0
com,0,0,0
comb,0,0,0
combination,0,0,0
coat,0,0,0
coaxing,0,0,0
cock,0,0,0
cocksuckers,0,0,0
coco,0,0,0
tirunelvali,0,0,0
tissco,0,0,0
title,0,0,0
titles,0,0,0
thm,0,0,0
clearing,0,0,0
tooo,0,0,0
toot,0,0,0
tortilla,0,0,0
toshiba,0,0,0
coimbatore,0,0,0
coin,0,0,0
colany,0,0,0
colin,0,0,0
collages,0,0,0
collapsed,0,0,0
closeby,0,0,0
cloth,0,0,0
cloud,0,0,0
clover,0,0,0
tok,0,0,0
clos1,0,0,0
ciao,0,0,0
citizen,0,0,0
citylink,0,0,0
claimcode,0,0,0
clubsaisai,0,0,0
cm,0,0,0
cme,0,0,0
cmon,0,0,0
cn,0,0,0
cnl,0,0,0
cnn,0,0,0
coach,0,0,0
claypot,0,0,0
cleared,0,0,0
clearer,0,0,0
clash,0,0,0
classes,0,0,0
classmates,0,0,0
chip,0,0,0
chk,0,0,0
chloe,0,0,0
chocolate,0,0,0
choices,0,0,0
choosing,0,0,0
transport,0,0,0
tomeandsaid,0,0,0
tonights,0,0,0
clever,0,0,0
cliff,0,0,0
cliffs,0,0,0
clip,0,0,0
chop,0,0,0
chords,0,0,0
chosen,0,0,0
chrgd,0,0,0
christ,0,0,0
christians,0,0,0
chest,0,0,0
childporn,0,0,0
childrens,0,0,0
chile,0,0,0
tsandcs,0,0,0
touched,0,0,0
toughest,0,0,0
claims,0,0,0
clarify,0,0,0
clark,0,0,0
turning,0,0,0
chain,0,0,0
chances,0,0,0
changes,0,0,0
cashto,0,0,0
cheer,0,0,0
celeb,0,0,0
celebration,0,0,0
twilight,0,0,0
treated,0,0,0
truck,0,0,0
chinatown,0,0,0
chinchillas,0,0,0
chinky,0,0,0
chinnu,0,0,0
chart,0,0,0
bx420,0,0,0
c52,0,0,0
bstfrnd,0,0,0
buses,0,0,0
cared,0,0,0
caroline,0,0,0
calculation,0,0,0
causing,0,0,0
cdgt,0,0,0
canada,0,0,0
cancelled,0,0,0
cappuccino,0,0,0
uks,0,0,0
unbreakable,0,0,0
tscs,0,0,0
tues,0,0,0
borin,0,0,0
britney,0,0,0
broken,0,0,0
box385,0,0,0
buffet,0,0,0
bulbs,0,0,0
burger,0,0,0
burns,0,0,0
breath,0,0,0
brief,0,0,0
british,0,0,0
unkempt,0,0,0
untamed,0,0,0
txtstop,0,0,0
u4,0,0,0
ubi,0,0,0
bluff,0,0,0
blur,0,0,0
bmw,0,0,0
bone,0,0,0
bk,0,0,0
blah,0,0,0
blame,0,0,0
bottle,0,0,0
blonde,0,0,0
bloo,0,0,0
blu,0,0,0
urgently,0,0,0
underwear,0,0,0
unemployed,0,0,0
bray,0,0,0
boost,0,0,0
best1,0,0,0
bbd,0,0,0
bcm4284,0,0,0
biola,0,0,0
birthdate,0,0,0
beg,0,0,0
bleh,0,0,0
blessed,0,0,0
blessing,0,0,0
blessings,0,0,0
blind,0,0,0
beware,0,0,0
up4,0,0,0
upd8,0,0,0
upgrade,0,0,0
upset,0,0,0
vewy,0,0,0
vid,0,0,0
b4190604,0,0,0
ba,0,0,0
bang,0,0,0
banks,0,0,0
bcums,0,0,0
bears,0,0,0
becoz,0,0,0
violated,0,0,0
violence,0,0,0
usher,0,0,0
utter,0,0,0
vale,0,0,0
beneficiary,0,0,0
benefits,0,0,0
ali,0,0,0
alwys,0,0,0
approx,0,0,0
aproach,0,0,0
anniversary,0,0,0
anot,0,0,0
application,0,0,0
aunt,0,0,0
arng,0,0,0
vomiting,0,0,0
vth,0,0,0
vday,0,0,0
vegas,0,0,0
vegetables,0,0,0
verify,0,0,0
vettam,0,0,0
actual,0,0,0
addamsfa,0,0,0
alaipayuthe,0,0,0
affair,0,0,0
affection,0,0,0
amused,0,0,0
amy,0,0,0
anna,0,0,0
airtel,0,0,0
wales,0,0,0
wallpaper,0,0,0
walls,0,0,0
virgin,0,0,0
aom,0,0,0
alfie,0,0,0
algarve,0,0,0
9pm,0,0,0
9t,0,0,0
86888,0,0,0
87021,0,0,0
acl03530150pm,0,0,0
acting,0,0,0
89555,0,0,0
89693,0,0,0
8pm,0,0,0
92h,0,0,0
warner,0,0,0
waheed,0,0,0
admit,0,0,0
adoring,0,0,0
academic,0,0,0
age23,0,0,0
61610,0,0,0
69696,0,0,0
6days,0,0,0
6th,0,0,0
87131,0,0,0
87575,0,0,0
88222,0,0,0
88877,0,0,0
88888,0,0,0
89070,0,0,0
7th,0,0,0
80082,0,0,0
80182,0,0,0
80488,0,0,0
81151,0,0,0
wan2,0,0,0
wind,0,0,0
wise,0,0,0
weirdest,0,0,0
6wu,0,0,0
700,0,0,0
7250,0,0,0
7876150ppm,0,0,0
5249,0,0,0
westlife,0,0,0
whenevr,0,0,0
whn,0,0,0
waves,0,0,0
83222,0,0,0
84025,0,0,0
84199,0,0,0
85069,0,0,0
300603,0,0,0
300p,0,0,0
3100,0,0,0
wkg,0,0,0
wks,0,0,0
wn,0,0,0
wicklow,0,0,0
5free,0,0,0
5pm,0,0,0
5th,0,0,0
61200,0,0,0
3uz,0,0,0
40,0,0,0
447801259231,0,0,0
450ppw,0,0,0
45239,0,0,0
1winaweek,0,0,0
3650,0,0,0
3hrs,0,0,0
3lp,0,0,0
2geva,0,0,0
2go,0,0,0
2gthr,0,0,0
4882,0,0,0
4a,0,0,0
4eva,0,0,0
4fil,0,0,0
4get,0,0,0
4mths,0,0,0
2u,0,0,0
2wks,0,0,0
30,0,0,0
09061744553,0,0,0
09063458130,0,0,0
09064019014,0,0,0
09066358152,0,0,0
09066362231,0,0,0
09066380611,0,0,0
2007,0,0,0
21,0,0,0
21870000,0,0,0
21st,0,0,0
24,0,0,0
113,0,0,0
125gift,0,0,0
wishin,0,0,0
2p,0,0,0
2stoptxt,0,0,0
worst,0,0,0
wrc,0,0,0
09066382422,0,0,0
09066612661,0,0,0
1030,0,0,0
10k,0,0,0
08712405022,0,0,0
09050003091,0,0,0
wt,0,0,0
wuld,0,0,0
women,0,0,0
wonders,0,0,0
woot,0,0,0
150ppermesssubscription,0,0,0
153,0,0,0
09061743386,0,0,0
01223585236,0,0,0
0578,0,0,0
07008009200,0,0,0
07046744435,0,0,0
07090201529,0,0,0
07090298926,0,0,0
07099833605,0,0,0
0721072,0,0,0
zaher,0,0,0
zealand,0,0,0
zebra,0,0,0
zeros,0,0,0
zhong,0,0,0
zindgi,0,0,0
021,0,0,0
08452810073,0,0,0
07xxxxxxxxx,0,0,0
08000407165,0,0,0
08000776320,0,0,0
08000938767,0,0,0
yuo,0,0,0
yuou,0,0,0
yupz,0,0,0
zac,0,0,0
yor,0,0,0
youre,0,0,0
yummmm,0,0,0
02073162414,0,0,0
0207,0,0,0
02,0,0,0
0125698789,0,0,0
01223585334,0,0,0
